title,transaction_type,province,property_type,price,bedrooms,bathrooms,construction_area,parking,property_area,year_built,whatsapp,listing_url,images,description
"Corner commercial space San Jose","rent","San José","commercial","$1,500","","1","","","","","50764261804","https://www.encuentra24.com/costa-rica-en/real-estate-for-rent-comercial/corner-commercial-space-san-jose/32430360","https://photos.encuentra24.com/t_or_fh_l/f_auto/v1/cr/32/43/03/60/32430360_1112cc44c3d153b40e60dfdfc82bf4d4-710073c|https://photos.encuentra24.com/t_or_fh_l/f_auto/v1/cr/32/43/03/60/32430360_1112cc44c3d153b40e60dfdfc82bf4d4-a062327|https://photos.encuentra24.com/t_or_fh_l/f_auto/v1/cr/32/43/03/60/32430360_1112cc44c3d153b40e60dfdfc82bf4d4-f56cedc|https://photos.encuentra24.com/t_or_fh_l/f_auto/v1/cr/32/43/03/60/32430360_1112cc44c3d153b40e60dfdfc82bf4d4-ff4e68b|https://photos.encuentra24.com/t_or_fh_l/f_auto/v1/cr/32/43/03/60/32430360_1112cc44c3d153b40e60dfdfc82bf4d4-9e6935c|https://photos.encuentra24.com/t_or_fh_l/f_auto/v1/cr/32/43/03/60/32430360_1112cc44c3d153b40e60dfdfc82bf4d4-ce91e67","$1,500 USD/month | 72 m² Recently remodeled commercial space in a prime high-traffic location on a main avenue, directly across from the Calle Blancos bus stops. This 72 m² property features: High ceilings that create an open, spacious feel Elegant porcelain tile flooring Brand-new electrical wiring Excellent visibility and easy customer access Ideal for offices, retail stores, beauty salons, boutiques, consulting services, or other commercial businesses seeking a strategic location with strong pedestrian and vehicle exposure. For more information or to schedule a viewing, contact us today."
"Rental apartment furnished San José Centro (or No Furniture)","rent","San José","","₡375,000 Deal","1","1","","","62","","50764261804","https://www.encuentra24.com/costa-rica-en/real-estate-for-rent-furnished-apartments-houses/rental-apartment-furnished-san-jose-centro-or-no-furniture/32435481","https://photos.encuentra24.com/t_or_fh_l/f_auto/v1/cr/32/43/54/81/32435481_d3456b9c7d459338eaeddda06bdd661b-749c24b|https://photos.encuentra24.com/t_or_fh_l/f_auto/v1/cr/32/43/54/81/32435481_d3456b9c7d459338eaeddda06bdd661b-46a2956|https://photos.encuentra24.com/t_or_fh_l/f_auto/v1/cr/32/43/54/81/32435481_d3456b9c7d459338eaeddda06bdd661b-06227dc|https://photos.encuentra24.com/t_or_fh_l/f_auto/v1/cr/32/43/54/81/32435481_d3456b9c7d459338eaeddda06bdd661b-d69fcea|https://photos.encuentra24.com/t_or_fh_l/f_auto/v1/cr/32/43/54/81/32435481_d3456b9c7d459338eaeddda06bdd661b-5193aac|https://photos.encuentra24.com/t_or_fh_l/f_auto/v1/cr/32/43/54/81/32435481_d3456b9c7d459338eaeddda06bdd661b-198711c|https://photos.encuentra24.com/t_or_fh_l/f_auto/v1/cr/32/43/54/81/32435481_d3456b9c7d459338eaeddda06bdd661b-9c5661a","I lived where everything happens! Enjoy the comfort of having museums, theatres, parks and cafes just a few steps from your door. Ideal for single person or couple looking for the vibrant urban life of San José. Characteristics: -Strategic location - 62 m2 with excellent distribution. -Living room, dining room and kitchen integrated in a modern atmosphere. - Equipped with white line and furniture (ready to go!). -Small pets are accepted (extra deposit of warranty applies) - No parking, but with multiple public parking within 100 meters. - Immediate delivery! Monthly prices: Furnished and with white line: 375,000 colones No furniture: 290,000 colones I didn't let this opportunity go! Write to us today to coordinate your visit."
"Urbn Escalante","rent","San José","","₡900,000 Exclusive","2","2","","1","Ask the seller","","50764261804","https://www.encuentra24.com/costa-rica-en/real-estate-for-rent-apartments/urbn-escalante/32446787","https://photos.encuentra24.com/t_or_fh_l/f_auto/v1/cr/32/44/67/87/32446787_eb52ef|https://photos.encuentra24.com/t_or_fh_l/f_auto/v1/cr/32/44/67/87/32446787_93fb84|https://photos.encuentra24.com/t_or_fh_l/f_auto/v1/cr/32/44/67/87/32446787_58296d|https://photos.encuentra24.com/t_or_fh_l/f_auto/v1/cr/32/44/67/87/32446787_ae2016|https://photos.encuentra24.com/t_or_fh_l/f_auto/v1/cr/32/44/67/87/32446787_8ffb3c|https://photos.encuentra24.com/t_or_fh_l/f_auto/v1/cr/32/44/67/87/32446787_4b439b|https://photos.encuentra24.com/t_or_fh_l/f_auto/v1/cr/32/44/67/87/32446787_fa4b40|https://photos.encuentra24.com/t_or_fh_l/f_auto/v1/cr/32/44/67/87/32446787_5b2821|https://photos.encuentra24.com/t_or_fh_l/f_auto/v1/cr/32/44/67/87/32446787_e8b5c0|https://photos.encuentra24.com/t_or_fh_l/f_auto/v1/cr/32/44/67/87/32446787_06217a|https://photos.encuentra24.com/t_or_fh_l/f_auto/v1/cr/32/44/67/87/32446787_4d47de|https://photos.encuentra24.com/t_or_fh_l/f_auto/v1/cr/32/44/67/87/32446787_d3502e|https://photos.encuentra24.com/t_or_fh_l/f_auto/v1/cr/32/44/67/87/32446787_bc557d|https://photos.encuentra24.com/t_or_fh_l/f_auto/v1/cr/32/44/67/87/32446787_cf9d38","En el corazón de URBN Escalante , este apartamento redefine el estilo de vida urbano con una mezcla perfecta de modernidad y confort. Ubicado en el piso 23, ofrece una vista panorámica que captura la vibrante esencia de San José, mientras brinda un refugio de serenidad por encima del bullicio de la ciudad. Al entrar, te recibirán espacios luminosos gracias a sus ventanas de piso a techo que inundan cada rincón con luz natural. La cocina integrada con acabados de alta gama y el elegante salón son el escenario ideal para crear momentos inolvidables. Con 72 m² de diseño cuidadosamente pensado, este apartamento se convierte en el hogar perfecto para quienes valoran la sofisticación. Cuenta con 2 dormitorios y 2 baños que ofrecen privacidad y confort. Disfruta de la conveniencia de tener 1 espacio de estacionamiento asignado y acceso a un moderno ascensor que te lleva directamente a tu oasis en las alturas. URBN Escalante ofrece un estilo de vida completo con amenidades de primer nivel: piscina, gimnasio, casa club y co-working , todo bajo un sistema de seguridad 24/7 y acceso controlado . Este es un paraíso urbano donde las áreas verdes y los espacios para niños se mezclan con la vida activa de la ciudad. Ubicación privilegiada en URBN Escalante Vista panorámica desde el piso 23 Amenidades de lujo: piscina, gimnasio, casa club Seguridad 24/7 y acceso controlado 72 m² de diseño contemporáneo"
"Fully Furnished Apartment for Rent – Torres de Heredia, Ulloa Heredia","rent","San José","","$1,000.00 Destacado","1","1","","1","75","","50764261804","https://www.encuentra24.com/costa-rica-en/real-estate-for-rent-furnished-apartments-houses/fully-furnished-apartment-for-rent-torres-de-heredia-ulloa-heredia/32103188","https://photos.encuentra24.com/t_or_fh_l/f_auto/v1/cr/32/10/31/88/32103188_5b0dce3|https://photos.encuentra24.com/t_or_fh_l/f_auto/v1/cr/32/10/31/88/32103188_6df1bfc|https://photos.encuentra24.com/t_or_fh_l/f_auto/v1/cr/32/10/31/88/32103188_8f24c66|https://photos.encuentra24.com/t_or_fh_l/f_auto/v1/cr/32/10/31/88/32103188_7b5f67e|https://photos.encuentra24.com/t_or_fh_l/f_auto/v1/cr/32/10/31/88/32103188_c4df0b4|https://photos.encuentra24.com/t_or_fh_l/f_auto/v1/cr/32/10/31/88/32103188_62835e3|https://photos.encuentra24.com/t_or_fh_l/f_auto/v1/cr/32/10/31/88/32103188_1c285f8|https://photos.encuentra24.com/t_or_fh_l/f_auto/v1/cr/32/10/31/88/32103188_988156d|https://photos.encuentra24.com/t_or_fh_l/f_auto/v1/cr/32/10/31/88/32103188_87dbb9a|https://photos.encuentra24.com/t_or_fh_l/f_auto/v1/cr/32/10/31/88/32103188_c587104|https://photos.encuentra24.com/t_or_fh_l/f_auto/v1/cr/32/10/31/88/32103188_0b0826a|https://photos.encuentra24.com/t_or_fh_l/f_auto/v1/cr/32/10/31/88/32103188_dd6e7e3|https://photos.encuentra24.com/t_or_fh_l/f_auto/v1/cr/32/10/31/88/32103188_acca98f|https://photos.encuentra24.com/t_or_fh_l/f_auto/v1/cr/32/10/31/88/32103188_9c4db5e|https://photos.encuentra24.com/t_or_fh_l/f_auto/v1/cr/32/10/31/88/32103188_ff54877","Aquí tienes un **título y descripción en inglés optimizados para portales inmobiliarios** como **Encuentra24, Airbnb o Facebook Marketplace**, usando terminología común en real estate para atraer más interés. --- # Optimized Title (English) **Fully Furnished 1-Bedroom Apartment for Rent – Torres de Heredia – Ulloa, Heredia** O una versión aún más atractiva para buscadores: **Modern Furnished 1-Bedroom Apartment for Rent | Torres de Heredia | Ulloa** --- **Fully Furnished Apartment for Rent – Torres de Heredia, Ulloa Heredia** Beautiful fully furnished apartment available for rent in the modern condominium **Torres de Heredia**, located in **Ulloa, Heredia**, one of the most convenient areas in the Greater Metropolitan Area with quick access to San José, Heredia downtown, and Juan Santamaría International Airport. This apartment offers a modern layout and comfortable living spaces, ideal for professionals, expatriates, or couples looking for a secure and well-located home. ### Apartment Features • 1 spacious bedroom • 1 full bathroom • Fully furnished living room • Dining area • Modern kitchen • Refrigerator • Electric stove • Microwave • Television • Move-in ready furnished apartment ### Condominium Amenities • 24/7 security • Controlled access • Excellent location • Close to supermarkets, restaurants, and shopping centers • Easy access to main highways **Location:** Torres de Heredia – Ulloa, Heredia, Costa Rica The apartment is conveniently located near major business hubs including: • Ultrapark Free Zone • Zona Franca Metropolitana • Real Cariari Business Area • Juan Santamaría International Airport • San José Downtown **Monthly Rent:** $750"
"Charming 2BR Apartment in Barrio Otoya","rent","San José","","₡375,000 -6%","2","1","","1","Ask the seller","","50764261804","https://www.encuentra24.com/costa-rica-en/real-estate-for-rent-apartments/charming-2br-apartment-in-barrio-otoya/32360439","https://photos.encuentra24.com/t_or_fh_l/f_auto/v1/cr/32/36/04/39/32360439_a635deb5b99a08092fe082adfe26df4f-8702e42|https://photos.encuentra24.com/t_or_fh_l/f_auto/v1/cr/32/36/04/39/32360439_a635deb5b99a08092fe082adfe26df4f-6fb7ef9|https://photos.encuentra24.com/t_or_fh_l/f_auto/v1/cr/32/36/04/39/32360439_a635deb5b99a08092fe082adfe26df4f-3185f5d|https://photos.encuentra24.com/t_or_fh_l/f_auto/v1/cr/32/36/04/39/32360439_a635deb5b99a08092fe082adfe26df4f-239fa34|https://photos.encuentra24.com/t_or_fh_l/f_auto/v1/cr/32/36/04/39/32360439_a635deb5b99a08092fe082adfe26df4f-dc0ad6a|https://photos.encuentra24.com/t_or_fh_l/f_auto/v1/cr/32/36/04/39/32360439_a635deb5b99a08092fe082adfe26df4f-e1a01bf|https://photos.encuentra24.com/t_or_fh_l/f_auto/v1/cr/32/36/04/39/32360439_a635deb5b99a08092fe082adfe26df4f-8c5ebc2|https://photos.encuentra24.com/t_or_fh_l/f_auto/v1/cr/32/36/04/39/32360439_a635deb5b99a08092fe082adfe26df4f-faf3911|https://photos.encuentra24.com/t_or_fh_l/f_auto/v1/cr/32/36/04/39/32360439_a635deb5b99a08092fe082adfe26df4f-4ac06a9|https://photos.encuentra24.com/t_or_fh_l/f_auto/v1/cr/32/36/04/39/32360439_a635deb5b99a08092fe082adfe26df4f-8ccd801|https://photos.encuentra24.com/t_or_fh_l/f_auto/v1/cr/32/36/04/39/32360439_a635deb5b99a08092fe082adfe26df4f-e6ba9c3|https://photos.encuentra24.com/t_or_fh_l/f_auto/v1/cr/32/36/04/39/32360439_a635deb5b99a08092fe082adfe26df4f-beffac2|https://photos.encuentra24.com/t_or_fh_l/f_auto/v1/cr/32/36/04/39/32360439_a635deb5b99a08092fe082adfe26df4f-4527126|https://photos.encuentra24.com/t_or_fh_l/f_auto/v1/cr/32/36/04/39/32360439_a635deb5b99a08092fe082adfe26df4f-0012039|https://photos.encuentra24.com/t_or_fh_l/f_auto/v1/cr/32/36/04/39/32360439_a635deb5b99a08092fe082adfe26df4f-bf5b524","Located on the second floor in the historic Barrio Otoya, this bright and comfortable 2-bedroom, 1-bathroom, kitchen, living room and laundry room apartment on the second floor offers an unbeatable combination of location and functionality in the heart of San José. Private garage parking for a small/medium sized vehicle available. Just a 2-minute walk from Calderón Guardia Hospital, this home is ideal for professionals, medical staff, or anyone who values convenience. You’ll also be very close to Simón Bolívar National Zoo and Botanical Garden, perfect for enjoying green space and a break from the city. You'll also be very close to Barrio Escalante where you can enjoy several amazing restaurants and night life. Set in a vibrant, central neighborhood, you’ll be close to restaurants, cafés, public transportation, and all the cultural energy San José has to offer. Monthly Rent: 400,000 Perfect for tenants seeking a walkable lifestyle in one of the city’s most convenient and charming areas. Please contact to make a viewing appointment if interested."
"Furnished apartment in Sabanilla","rent","San José","","$1,245 -13%","3","1","","","Ask the seller","","50764261804","https://www.encuentra24.com/costa-rica-en/real-estate-for-rent-apartments/furnished-apartment-in-sabanilla/32161377","https://photos.encuentra24.com/t_or_fh_l/f_auto/v1/cr/32/16/13/77/32161377_2af1cfc|https://photos.encuentra24.com/t_or_fh_l/f_auto/v1/cr/32/16/13/77/32161377_7830f95|https://photos.encuentra24.com/t_or_fh_l/f_auto/v1/cr/32/16/13/77/32161377_0924d03|https://photos.encuentra24.com/t_or_fh_l/f_auto/v1/cr/32/16/13/77/32161377_a963e86|https://photos.encuentra24.com/t_or_fh_l/f_auto/v1/cr/32/16/13/77/32161377_f0269f5|https://photos.encuentra24.com/t_or_fh_l/f_auto/v1/cr/32/16/13/77/32161377_016f3bc|https://photos.encuentra24.com/t_or_fh_l/f_auto/v1/cr/32/16/13/77/32161377_1d54ede|https://photos.encuentra24.com/t_or_fh_l/f_auto/v1/cr/32/16/13/77/32161377_c14dd5f|https://photos.encuentra24.com/t_or_fh_l/f_auto/v1/cr/32/16/13/77/32161377_ae477e7|https://photos.encuentra24.com/t_or_fh_l/f_auto/v1/cr/32/16/13/77/32161377_6f46459|https://photos.encuentra24.com/t_or_fh_l/f_auto/v1/cr/32/16/13/77/32161377_ff93a41|https://photos.encuentra24.com/t_or_fh_l/f_auto/v1/cr/32/16/13/77/32161377_c4f3ae2|https://photos.encuentra24.com/t_or_fh_l/f_auto/v1/cr/32/16/13/77/32161377_f2f25e5|https://photos.encuentra24.com/t_or_fh_l/f_auto/v1/cr/32/16/13/77/32161377_0c9136d|https://photos.encuentra24.com/t_or_fh_l/f_auto/v1/cr/32/16/13/77/32161377_ab94667|https://photos.encuentra24.com/t_or_fh_l/f_auto/v1/cr/32/16/13/77/32161377_21be14b|https://photos.encuentra24.com/t_or_fh_l/f_auto/v1/cr/32/16/13/77/32161377_06a72dd|https://photos.encuentra24.com/t_or_fh_l/f_auto/v1/cr/32/16/13/77/32161377_f7ff2d9","Beautiful fully furnished vintage apartment in the heart of San José, just minutes walk from Calderon Guardia Hospital, INS, Ministry of Foreign Affairs, Legislative Assembly, National Park and many others. On the property there are two units, on the first floor where the owner in the second one is for rent. The distribution is as follows, spacious living room, kitchen, a very large bathroom and three spacious rooms, one with air conditioning. The furniture is beautiful and also the apartment has beautiful views of the mountain and green, with excellent ventilation, all together makes it an oasis in the pure capital. The price includes the sevices and is not negotiable. Pets are not allowed. A single person or partner profile is sought. The apartment does not have parking space."
"Local Comercial en Boulevard Los Yoses. Ideal para oficina privada o comercio","rent","San José","commercial","$1,800 Destacado","","1","","","","","50764261804","https://www.encuentra24.com/costa-rica-en/real-estate-for-rent-comercial/local-comercial-en-boulevard-los-yoses-ideal-para-oficina-privada-o-comercio/30686219","https://photos.encuentra24.com/t_or_fh_l/f_auto/v1/cr/30/68/62/19/30686219_386560|https://photos.encuentra24.com/t_or_fh_l/f_auto/v1/cr/30/68/62/19/30686219_d9c8c6|https://photos.encuentra24.com/t_or_fh_l/f_auto/v1/cr/30/68/62/19/30686219_8f3b8f|https://photos.encuentra24.com/t_or_fh_l/f_auto/v1/cr/30/68/62/19/30686219_31fd7e|https://photos.encuentra24.com/t_or_fh_l/f_auto/v1/cr/30/68/62/19/30686219_b10a2e|https://photos.encuentra24.com/t_or_fh_l/f_auto/v1/cr/30/68/62/19/30686219_697f42|https://photos.encuentra24.com/t_or_fh_l/f_auto/v1/cr/30/68/62/19/30686219_996674|https://photos.encuentra24.com/t_or_fh_l/f_auto/v1/cr/30/68/62/19/30686219_ed57e0|https://photos.encuentra24.com/t_or_fh_l/f_auto/v1/cr/30/68/62/19/30686219_f6782f|https://photos.encuentra24.com/t_or_fh_l/f_auto/v1/cr/30/68/62/19/30686219_6be7aa|https://photos.encuentra24.com/t_or_fh_l/f_auto/v1/cr/30/68/62/19/30686219_d39685|https://photos.encuentra24.com/t_or_fh_l/f_auto/v1/cr/30/68/62/19/30686219_6bcba2|https://photos.encuentra24.com/t_or_fh_l/f_auto/v1/cr/30/68/62/19/30686219_592d1c","Lindo y acogedor local comercial esquinero, con mucha luz, en el boulevard de Los Yoses. Ideal para ofiocina privada, consultorio, o tienda de alta gama. Cuenta con terraza de acceso, amplio espacio de recepción y sala de espera.. Tres espacios independientes de oficinas, exhibición y/o consultorio privado. Cuenta con amplio parqueo sobre el boulevard de la Municipalidad de San José. Al precio del alquiler debe agregársele el IVA"
"URBN Escalante Piso 26 – Atardeceres de Postal | 2 Parqueos | 1 Hab Amueblado","rent","San José","","$1,200 Deal","1","1","","2","Ask the seller","","50764261804","https://www.encuentra24.com/costa-rica-en/real-estate-for-rent-furnished-apartments-houses/urbn-escalante-piso-26-atardeceres-de-postal-2-parqueos-1-hab-amueblado/32480338","https://photos.encuentra24.com/t_or_fh_l/f_auto/v1/cr/32/48/03/38/32480338_361b0e|https://photos.encuentra24.com/t_or_fh_l/f_auto/v1/cr/32/48/03/38/32480338_364eea|https://photos.encuentra24.com/t_or_fh_l/f_auto/v1/cr/32/48/03/38/32480338_07b3e8|https://photos.encuentra24.com/t_or_fh_l/f_auto/v1/cr/32/48/03/38/32480338_3c0704|https://photos.encuentra24.com/t_or_fh_l/f_auto/v1/cr/32/48/03/38/32480338_fbd6f1|https://photos.encuentra24.com/t_or_fh_l/f_auto/v1/cr/32/48/03/38/32480338_25812f|https://photos.encuentra24.com/t_or_fh_l/f_auto/v1/cr/32/48/03/38/32480338_a70980|https://photos.encuentra24.com/t_or_fh_l/f_auto/v1/cr/32/48/03/38/32480338_1730aa|https://photos.encuentra24.com/t_or_fh_l/f_auto/v1/cr/32/48/03/38/32480338_2fbb75|https://photos.encuentra24.com/t_or_fh_l/f_auto/v1/cr/32/48/03/38/32480338_39ae43|https://photos.encuentra24.com/t_or_fh_l/f_auto/v1/cr/32/48/03/38/32480338_66da21|https://photos.encuentra24.com/t_or_fh_l/f_auto/v1/cr/32/48/03/38/32480338_d66e72|https://photos.encuentra24.com/t_or_fh_l/f_auto/v1/cr/32/48/03/38/32480338_a2edda|https://photos.encuentra24.com/t_or_fh_l/f_auto/v1/cr/32/48/03/38/32480338_b0a2ab|https://photos.encuentra24.com/t_or_fh_l/f_auto/v1/cr/32/48/03/38/32480338_d3ef3c|https://photos.encuentra24.com/t_or_fh_l/f_auto/v1/cr/32/48/03/38/32480338_19f98f|https://photos.encuentra24.com/t_or_fh_l/f_auto/v1/cr/32/48/03/38/32480338_9a8352|https://photos.encuentra24.com/t_or_fh_l/f_auto/v1/cr/32/48/03/38/32480338_0aff08|https://photos.encuentra24.com/t_or_fh_l/f_auto/v1/cr/32/48/03/38/32480338_7648d5","Despierta cada día por encima del vibrante Barrio Escalante y termina tus jornadas contemplando atardeceres que transforman el cielo en una obra de arte desde tu propio balcón. Este apartamento en el piso 26 de la exclusiva Torre URBN Escalante te ofrece una experiencia de vida inigualable. La unidad destaca con su diseño moderno de estilo industrial, completamente amoblada y equipada para que solo necesites tu maleta. El balcón privado con vista al oeste es el lugar perfecto para disfrutar de momentos de tranquilidad mientras el sol se oculta en el horizonte. Con 60 m² de espacio bien aprovechado, encontrarás una sala y comedor integrados que fluyen hacia una cocina de diseño contemporáneo. Este elegante apartamento cuenta con 1 habitación y 1 baño completo , además de 2 espacios de parqueo en tandem bajo techo, un lujo raro para unidades de este tamaño. Las amenidades del edificio elevan aún más el estilo de vida: piscina temperada, gimnasio totalmente equipado, y áreas sociales como el sky bar con vistas de 360°. Situado en el corazón gastronómico y cultural de San José, a solo dos cuadras del Parque Francia , tienes acceso inmediato a los mejores restaurantes, cafeterías, y galerías. Con seguridad 24 horas, concierge y acceso rápido a las principales vías, vivir aquí es sinónimo de comodidad y exclusividad. Piso 26 con vista panorámica al oeste Completamente amoblado y equipado 2 parqueos en tandem bajo techo Amenidades de lujo: piscina, gimnasio, sky bar Ubicación privilegiada en Barrio Escalante"
"Rental apartment San José Centro (or With Furniture)","rent","San José","","₡290,000 Opportunity","1","1","","","62","","50764261804","https://www.encuentra24.com/costa-rica-en/real-estate-for-rent-apartments/rental-apartment-san-jose-centro-or-with-furniture/32435523","https://photos.encuentra24.com/t_or_fh_l/f_auto/v1/cr/32/43/55/23/32435523_c3f4496|https://photos.encuentra24.com/t_or_fh_l/f_auto/v1/cr/32/43/55/23/32435523_5ba19bd|https://photos.encuentra24.com/t_or_fh_l/f_auto/v1/cr/32/43/55/23/32435523_b3a7390|https://photos.encuentra24.com/t_or_fh_l/f_auto/v1/cr/32/43/55/23/32435523_1c33879|https://photos.encuentra24.com/t_or_fh_l/f_auto/v1/cr/32/43/55/23/32435523_f2ff074|https://photos.encuentra24.com/t_or_fh_l/f_auto/v1/cr/32/43/55/23/32435523_dfb5ebd|https://photos.encuentra24.com/t_or_fh_l/f_auto/v1/cr/32/43/55/23/32435523_1376bb7","I lived where everything happens! Enjoy the comfort of having museums, theatres, parks and cafes just a few steps from your door. Ideal for single person or couple looking for the vibrant urban life of San José. Ideal for: Couples, independent professionals or students who love cultural life and the convenience of having banks, libraries and shops at hand. Characteristics: -Strategic location - 62 m2 with excellent distribution. -Living room, dining room and kitchen integrated in a modern atmosphere. - Equipped with white line and furniture (ready to go!). - You got a little hair? You are welcome! (apply extra deposit warranty) - No parking, but with multiple public parking within 100 meters. - Immediate delivery! Monthly prices: No furniture: 290,000 colones, I brought your own furniture. Furnished: 375,000 colones, full rental furnished with white line Immediate delivery! Add your appointment by private message."
"ONE BEDROOM APARTMENT IN AMON DISTRICT","rent","San José","","₡400,000","1","1","","","Ask the seller","","50764261804","https://www.encuentra24.com/costa-rica-en/real-estate-for-rent-apartments/one-bedroom-apartment-in-amon-district/32293962","https://photos.encuentra24.com/t_or_fh_l/f_auto/v1/cr/32/29/39/62/32293962_9f89cd0c3ef55d469d32f40e2adaed2c-6b7ffb6|https://photos.encuentra24.com/t_or_fh_l/f_auto/v1/cr/32/29/39/62/32293962_9f89cd0c3ef55d469d32f40e2adaed2c-32a368b|https://photos.encuentra24.com/t_or_fh_l/f_auto/v1/cr/32/29/39/62/32293962_9f89cd0c3ef55d469d32f40e2adaed2c-e8e4112|https://photos.encuentra24.com/t_or_fh_l/f_auto/v1/cr/32/29/39/62/32293962_9f89cd0c3ef55d469d32f40e2adaed2c-502abde|https://photos.encuentra24.com/t_or_fh_l/f_auto/v1/cr/32/29/39/62/32293962_9f89cd0c3ef55d469d32f40e2adaed2c-1ca7d11|https://photos.encuentra24.com/t_or_fh_l/f_auto/v1/cr/32/29/39/62/32293962_9f89cd0c3ef55d469d32f40e2adaed2c-4e9f7d6|https://photos.encuentra24.com/t_or_fh_l/f_auto/v1/cr/32/29/39/62/32293962_9f89cd0c3ef55d469d32f40e2adaed2c-9a72ad3|https://photos.encuentra24.com/t_or_fh_l/f_auto/v1/cr/32/29/39/62/32293962_9f89cd0c3ef55d469d32f40e2adaed2c-7a79697|https://photos.encuentra24.com/t_or_fh_l/f_auto/v1/cr/32/29/39/62/32293962_9f89cd0c3ef55d469d32f40e2adaed2c-a239a97|https://photos.encuentra24.com/t_or_fh_l/f_auto/v1/cr/32/29/39/62/32293962_9f89cd0c3ef55d469d32f40e2adaed2c-7347ef3|https://photos.encuentra24.com/t_or_fh_l/f_auto/v1/cr/32/29/39/62/32293962_9f89cd0c3ef55d469d32f40e2adaed2c-8a6bd4a|https://photos.encuentra24.com/t_or_fh_l/f_auto/v1/cr/32/29/39/62/32293962_9f89cd0c3ef55d469d32f40e2adaed2c-50d6538|https://photos.encuentra24.com/t_or_fh_l/f_auto/v1/cr/32/29/39/62/32293962_9f89cd0c3ef55d469d32f40e2adaed2c-20e9339|https://photos.encuentra24.com/t_or_fh_l/f_auto/v1/cr/32/29/39/62/32293962_9f89cd0c3ef55d469d32f40e2adaed2c-984e7b4|https://photos.encuentra24.com/t_or_fh_l/f_auto/v1/cr/32/29/39/62/32293962_9f89cd0c3ef55d469d32f40e2adaed2c-e450b2a|https://photos.encuentra24.com/t_or_fh_l/f_auto/v1/cr/32/29/39/62/32293962_9f89cd0c3ef55d469d32f40e2adaed2c-ecc5236|https://photos.encuentra24.com/t_or_fh_l/f_auto/v1/cr/32/29/39/62/32293962_9f89cd0c3ef55d469d32f40e2adaed2c-d385f51","¡VIVE EL ENCANTO HISTÓRICO EN BARRIO AMÓN! Disfrutá de la elegancia y el confort en este exclusivo apartamento ubicado en el corazón de uno de los barrios más emblemáticos de San José. ¡Ideal para quienes buscan un espacio con carácter y mucha luz natural! Detalles de la Propiedad: Tipo: Apartamento Independiente Precio: 400,000 mensuales Ubicación: Barrio Amón, San José Habitaciones: 1 Dormitorio principal Extras: Espacio para oficina o bodega privada Baños: 1 Baño completo con Tina Parqueo: No disponible Características destacadas: * Preciosos pisos de madera de Cristóbal Ambientes muy iluminados 2 Patios internos con área de lavado Amplio closet incluido ¿Te interesa esta propiedad? ¡Contáctanos! Teléfono y WhatsApp: Sitio web: Nuestras redes: linktr.ee/inmobiliariajmk Somos host de Airbnb: vía Real Estate JMK Unite a nuestro grupo de WhatsApp: Clic aquí #BienesRaícesCR #BarrioAmón #AlquilerSanJosé #ApartamentoHistórico #InmobiliariaJMK #Costa RicaRealEstate #ViviendaConEstilo"
"3-bedroom apartment near Calderón Guardia Hospital","rent","San José","","₡500,000","2","3.5","","2","110","","50764261804","https://www.encuentra24.com/costa-rica-en/real-estate-for-rent-apartments/3-bedroom-apartment-near-calderon-guardia-hospital/32502124","https://photos.encuentra24.com/t_or_fh_l/f_auto/v1/cr/32/50/21/24/32502124_e737e1cf8a3dbef42be689c43b575b92-2b99026|https://photos.encuentra24.com/t_or_fh_l/f_auto/v1/cr/32/50/21/24/32502124_e737e1cf8a3dbef42be689c43b575b92-d23000d|https://photos.encuentra24.com/t_or_fh_l/f_auto/v1/cr/32/50/21/24/32502124_e737e1cf8a3dbef42be689c43b575b92-1be9700|https://photos.encuentra24.com/t_or_fh_l/f_auto/v1/cr/32/50/21/24/32502124_e737e1cf8a3dbef42be689c43b575b92-4b3741f|https://photos.encuentra24.com/t_or_fh_l/f_auto/v1/cr/32/50/21/24/32502124_e737e1cf8a3dbef42be689c43b575b92-deacc64|https://photos.encuentra24.com/t_or_fh_l/f_auto/v1/cr/32/50/21/24/32502124_e737e1cf8a3dbef42be689c43b575b92-e507a23|https://photos.encuentra24.com/t_or_fh_l/f_auto/v1/cr/32/50/21/24/32502124_e737e1cf8a3dbef42be689c43b575b92-43d6abd|https://photos.encuentra24.com/t_or_fh_l/f_auto/v1/cr/32/50/21/24/32502124_e737e1cf8a3dbef42be689c43b575b92-bee1a62|https://photos.encuentra24.com/t_or_fh_l/f_auto/v1/cr/32/50/21/24/32502124_e737e1cf8a3dbef42be689c43b575b92-cc320bf|https://photos.encuentra24.com/t_or_fh_l/f_auto/v1/cr/32/50/21/24/32502124_e737e1cf8a3dbef42be689c43b575b92-91c2efc|https://photos.encuentra24.com/t_or_fh_l/f_auto/v1/cr/32/50/21/24/32502124_e737e1cf8a3dbef42be689c43b575b92-4c6460b|https://photos.encuentra24.com/t_or_fh_l/f_auto/v1/cr/32/50/21/24/32502124_e737e1cf8a3dbef42be689c43b575b92-1a9ddf5|https://photos.encuentra24.com/t_or_fh_l/f_auto/v1/cr/32/50/21/24/32502124_e737e1cf8a3dbef42be689c43b575b92-66179c5|https://photos.encuentra24.com/t_or_fh_l/f_auto/v1/cr/32/50/21/24/32502124_e737e1cf8a3dbef42be689c43b575b92-a1c6656|https://photos.encuentra24.com/t_or_fh_l/f_auto/v1/cr/32/50/21/24/32502124_e737e1cf8a3dbef42be689c43b575b92-351d2f2|https://photos.encuentra24.com/t_or_fh_l/f_auto/v1/cr/32/50/21/24/32502124_e737e1cf8a3dbef42be689c43b575b92-dbc3fc5|https://photos.encuentra24.com/t_or_fh_l/f_auto/v1/cr/32/50/21/24/32502124_e737e1cf8a3dbef42be689c43b575b92-0d78db6|https://photos.encuentra24.com/t_or_fh_l/f_auto/v1/cr/32/50/21/24/32502124_e737e1cf8a3dbef42be689c43b575b92-073ff60|https://photos.encuentra24.com/t_or_fh_l/f_auto/v1/cr/32/50/21/24/32502124_e737e1cf8a3dbef42be689c43b575b92-2e6bc31","Second-floor apartment with the following features: - Living and dining room - Half bathroom - Kitchen - Laundry room - Service bathroom - Two bedrooms with en-suite bathrooms - Two parking spaces NO PETS OR CHILDREN ALLOWED ACCESS BY STAIRS ONLY"
"Rental apartment furnished San José Centro (or No Furniture)","rent","San José","","₡375,000 Brand new","1","1","","","Ask the seller","","50764261804","https://www.encuentra24.com/costa-rica-en/real-estate-for-rent-apartments/rental-apartment-furnished-san-jose-centro-or-no-furniture/32435507","https://photos.encuentra24.com/t_or_fh_l/f_auto/v1/cr/32/43/55/07/32435507_4bcd969a3974ce9ba754029408335417-bb697ce|https://photos.encuentra24.com/t_or_fh_l/f_auto/v1/cr/32/43/55/07/32435507_4bcd969a3974ce9ba754029408335417-771b62c|https://photos.encuentra24.com/t_or_fh_l/f_auto/v1/cr/32/43/55/07/32435507_4bcd969a3974ce9ba754029408335417-36dffc4|https://photos.encuentra24.com/t_or_fh_l/f_auto/v1/cr/32/43/55/07/32435507_4bcd969a3974ce9ba754029408335417-107f17a|https://photos.encuentra24.com/t_or_fh_l/f_auto/v1/cr/32/43/55/07/32435507_4bcd969a3974ce9ba754029408335417-1989859|https://photos.encuentra24.com/t_or_fh_l/f_auto/v1/cr/32/43/55/07/32435507_4bcd969a3974ce9ba754029408335417-4aa5667|https://photos.encuentra24.com/t_or_fh_l/f_auto/v1/cr/32/43/55/07/32435507_4bcd969a3974ce9ba754029408335417-38ece55","Can you imagine walking to the National Theatre, visiting museums on the weekend or having a coffee in Parque Morazán without worrying about the dams? This 62 m2 apartment offers you the central and practical lifestyle you are looking for. Ideal for: Couples, independent professionals or students who love cultural life and the convenience of having banks, libraries and shops at hand. Characteristics: -Strategic location - 62 m2 with excellent distribution. -Living room, dining room and kitchen integrated in a modern atmosphere. - Equipped with white line and furniture (ready to go!). -Small pets are accepted (extra deposit of warranty applies) - No parking, but with multiple public parking within 100 meters. - Immediate delivery! Monthly prices: Furnished and with white line: 375,000 colones No furniture: 290,000 colones Immediate delivery! Add your appointment by private message."