title,province,property_type,price,bedrooms,bathrooms,construction_area,parking,property_area,year_built,whatsapp,listing_url,images,description
"URBN Escalant - 2room - 2baths - 1 parking lot - Full Extras","San José","URBN Escalante - 2dorm- 2baños- 1 parqueo- Full Extras","$260,000","2","2","86","1","86","2019","50764261804","https://www.encuentra24.com/costa-rica-en/real-estate-for-sale-apartments-condos/urbn-escalant-2room-2baths-1-parking-lot-full-extras/32290857","https://photos.encuentra24.com/t_or_fh_l/f_auto/v1/cr/32/29/08/57/32290857_ec81da1091e09ccec325ed9843528029-6161788|https://photos.encuentra24.com/t_or_fh_l/f_auto/v1/cr/32/29/08/57/32290857_ec81da1091e09ccec325ed9843528029-fd1031f|https://photos.encuentra24.com/t_or_fh_l/f_auto/v1/cr/32/29/08/57/32290857_ec81da1091e09ccec325ed9843528029-486b996|https://photos.encuentra24.com/t_or_fh_l/f_auto/v1/cr/32/29/08/57/32290857_ec81da1091e09ccec325ed9843528029-1083e8e|https://photos.encuentra24.com/t_or_fh_l/f_auto/v1/cr/32/29/08/57/32290857_ec81da1091e09ccec325ed9843528029-8e54f71|https://photos.encuentra24.com/t_or_fh_l/f_auto/v1/cr/32/29/08/57/32290857_ec81da1091e09ccec325ed9843528029-91900fe|https://photos.encuentra24.com/t_or_fh_l/f_auto/v1/cr/32/29/08/57/32290857_ec81da1091e09ccec325ed9843528029-15add5f|https://photos.encuentra24.com/t_or_fh_l/f_auto/v1/cr/32/29/08/57/32290857_ec81da1091e09ccec325ed9843528029-dddf75c|https://photos.encuentra24.com/t_or_fh_l/f_auto/v1/cr/32/29/08/57/32290857_ec81da1091e09ccec325ed9843528029-b4a928c|https://photos.encuentra24.com/t_or_fh_l/f_auto/v1/cr/32/29/08/57/32290857_ec81da1091e09ccec325ed9843528029-a31e9d2|https://photos.encuentra24.com/t_or_fh_l/f_auto/v1/cr/32/29/08/57/32290857_ec81da1091e09ccec325ed9843528029-4620cc5|https://photos.encuentra24.com/t_or_fh_l/f_auto/v1/cr/32/29/08/57/32290857_ec81da1091e09ccec325ed9843528029-a5945a6|https://photos.encuentra24.com/t_or_fh_l/f_auto/v1/cr/32/29/08/57/32290857_ec81da1091e09ccec325ed9843528029-33edcf1|https://photos.encuentra24.com/t_or_fh_l/f_auto/v1/cr/32/29/08/57/32290857_ec81da1091e09ccec325ed9843528029-067d183|https://photos.encuentra24.com/t_or_fh_l/f_auto/v1/cr/32/29/08/57/32290857_ec81da1091e09ccec325ed9843528029-ebe47ef|https://photos.encuentra24.com/t_or_fh_l/f_auto/v1/cr/32/29/08/57/32290857_ec81da1091e09ccec325ed9843528029-8ca4681|https://photos.encuentra24.com/t_or_fh_l/f_auto/v1/cr/32/29/08/57/32290857_ec81da1091e09ccec325ed9843528029-1e16197|https://photos.encuentra24.com/t_or_fh_l/f_auto/v1/cr/32/29/08/57/32290857_ec81da1091e09ccec325ed9843528029-ba1d4c7|https://photos.encuentra24.com/t_or_fh_l/f_auto/v1/cr/32/29/08/57/32290857_ec81da1091e09ccec325ed9843528029-956146d","Viví más que un Apartamento En el corazón vibrante de Barrio Escalante, rodeado de la mejor gastronomía, cafés únicos y actividades culturales que hacen de este sector el epicentro urbano más codiciado de San José, se encuentra tu próximo hogar. Un lugar donde la vida cotidiana se transforma en experiencia, y donde cada detalle está pensado para que disfrutes al máximo. En el piso 11, con vistas espectaculares, este apartamento de 2 dormitorios y 2 baños completos ofrece un diseño contemporáneo con distribución integrada de sala, comedor y cocina. Te recibe un mural de cherry blossom que aporta calidez y estilo, mientras que la cocina espaciosa y moderna se convierte en el corazón del hogar. Lo mejor: ¡lo incluye todo! Desde electrodomésticos y mobiliario hasta decoración y menaje, listo para que solo traigas tus maletas. Pero lo más extraordinario es que al adquirir este apartamento de 86 m², accedes a cientos de metros cuadrados más de majestuosas amenidades, muchas de ellas reservables para tus eventos privados. Es mucho más que un apartamento: es un estilo de vida completo. El Apartamento Incluye: • Aire acondicionado • Persianas • Muebles • Electrodomésticos • Menaje completo • Decoración • Parqueo con carga eléctrica • Bodega de 2m² • 69 m2 habitables • 86 m2 totales Amenidades : Sociales y Entretenimiento • Piscina con área de descanso • Monkey Bar / Lounge • Red Room (sala temática/eventos) • Game Room • Cine privado • Tattoo Room (BBQ y eventos) • Terraza y balcón con vista panorámica • Restaurantes Bienestar y Salud • Gimnasio equipado • Yoga Room • Playground infantil Trabajo y Funcionales • Coworking y biblioteca • Lobby y conserje 24/7 • Lavandería • Parqueo de bicicletas Mascotas • Pet Park • Duchas para mascotas Una Oportunidad Única! Aquí no solo compras un apartamento, compras un universo de experiencias. Un espacio donde cada día puede ser distinto: relajarte en la piscina, organizar una función privada en el cine, trabajar en un coworking inspirador o disfrutar de un lounge con amigos. Este apartamento es más que un hogar: es tu acceso exclusivo a un estilo de vida urbano, sofisticado y lleno de posibilidades. Más info Ximena Gálvez Keller Williams"
"FURNISHED APARTMENT FOR RENT, SAN JOSÉ, NUNCIATURA, SKY GARDEN CONDOMINIUM","San José","ALQUILER DE APARTAMENTO AMUEBLADO, SAN JOSÉ, NUNCIATURA, CONDOMINIO SKY GARDEN","$1,400 Exclusive","2","1","","1","Ask the seller","","50764261804","https://www.encuentra24.com/costa-rica-en/real-estate-for-rent-apartments/furnished-apartment-for-rent-san-jose-nunciatura-sky-garden-condominium/32025599","https://photos.encuentra24.com/t_or_fh_l/f_auto/v1/cr/32/02/55/99/32025599_9de8e2b0bb5805f28ee7e367d89157a0-fa5e577|https://photos.encuentra24.com/t_or_fh_l/f_auto/v1/cr/32/02/55/99/32025599_9de8e2b0bb5805f28ee7e367d89157a0-f6756cd|https://photos.encuentra24.com/t_or_fh_l/f_auto/v1/cr/32/02/55/99/32025599_9de8e2b0bb5805f28ee7e367d89157a0-5471221|https://photos.encuentra24.com/t_or_fh_l/f_auto/v1/cr/32/02/55/99/32025599_9de8e2b0bb5805f28ee7e367d89157a0-0f9c229|https://photos.encuentra24.com/t_or_fh_l/f_auto/v1/cr/32/02/55/99/32025599_9de8e2b0bb5805f28ee7e367d89157a0-f18a89e|https://photos.encuentra24.com/t_or_fh_l/f_auto/v1/cr/32/02/55/99/32025599_9de8e2b0bb5805f28ee7e367d89157a0-f80c42b|https://photos.encuentra24.com/t_or_fh_l/f_auto/v1/cr/32/02/55/99/32025599_9de8e2b0bb5805f28ee7e367d89157a0-6cd218c|https://photos.encuentra24.com/t_or_fh_l/f_auto/v1/cr/32/02/55/99/32025599_9de8e2b0bb5805f28ee7e367d89157a0-d7fb7d0|https://photos.encuentra24.com/t_or_fh_l/f_auto/v1/cr/32/02/55/99/32025599_9de8e2b0bb5805f28ee7e367d89157a0-618e864|https://photos.encuentra24.com/t_or_fh_l/f_auto/v1/cr/32/02/55/99/32025599_9de8e2b0bb5805f28ee7e367d89157a0-368cbeb|https://photos.encuentra24.com/t_or_fh_l/f_auto/v1/cr/32/02/55/99/32025599_9de8e2b0bb5805f28ee7e367d89157a0-ea2a8f0|https://photos.encuentra24.com/t_or_fh_l/f_auto/v1/cr/32/02/55/99/32025599_9de8e2b0bb5805f28ee7e367d89157a0-871d4ab|https://photos.encuentra24.com/t_or_fh_l/f_auto/v1/cr/32/02/55/99/32025599_9de8e2b0bb5805f28ee7e367d89157a0-b0d0e55|https://photos.encuentra24.com/t_or_fh_l/f_auto/v1/cr/32/02/55/99/32025599_9de8e2b0bb5805f28ee7e367d89157a0-e6bef3c","FURNISHED APARTMENT FOR RENT, SAN JOSÉ, NUNCIATURA, SKY GARDEN CONDOMINIUM - 9748988 Price: $1,400 Size: 54 m² GENERAL DESCRIPTION: • 2 bedrooms • 1 bathroom • Living/dining room • Open-concept kitchen • Balcony • Parking for 1 vehicle COMMON AREAS: Rooftop on the 24th floor with infinity pool and panoramic city views, jacuzzi with acrylic surrounds, party room with pool table, TV, BBQ area, fire pit, and Wi-Fi. Sky Club on the 2nd floor with gym, coworking space, yoga studio, open-air garden, library/reading room, laundry facilities, pet-friendly areas, two restaurants, 24/7 security, elevators, and parking on the platform. DETAILED DESCRIPTION: Modern apartment located on the 12th floor of the Sky Garden Condominium, with a functional layout and contemporary finishes that provide comfort and elegance. The open-concept living and kitchen area connects to a balcony offering beautiful sunset views and views of the Escazú mountains, as well as excellent natural light and ventilation thanks to its floor-to-ceiling windows. It is rented fully furnished and equipped, ready to move in, and includes air conditioning for added comfort. Sky Garden is an innovative residential project offering top-tier amenities and a modern, sophisticated living experience, located in one of the most exclusive and rapidly appreciating areas of San José, with immediate access to parks, shops, restaurants, services, and major thoroughfares. Condominium fees are included. Utilities are not included. Pets are not allowed."
"Local Comercial en Boulevard Los Yoses. Ideal para oficina privada o comercio","San José","Local Comercial en Boulevard Los Yoses. Ideal para oficina privada o comercio","$1,800 Destacado","","1","","","","","50764261804","https://www.encuentra24.com/costa-rica-en/real-estate-for-rent-comercial/local-comercial-en-boulevard-los-yoses-ideal-para-oficina-privada-o-comercio/30686219","https://photos.encuentra24.com/t_or_fh_l/f_auto/v1/cr/30/68/62/19/30686219_592d1c|https://photos.encuentra24.com/t_or_fh_l/f_auto/v1/cr/30/68/62/19/30686219_386560|https://photos.encuentra24.com/t_or_fh_l/f_auto/v1/cr/30/68/62/19/30686219_d9c8c6|https://photos.encuentra24.com/t_or_fh_l/f_auto/v1/cr/30/68/62/19/30686219_8f3b8f|https://photos.encuentra24.com/t_or_fh_l/f_auto/v1/cr/30/68/62/19/30686219_31fd7e|https://photos.encuentra24.com/t_or_fh_l/f_auto/v1/cr/30/68/62/19/30686219_b10a2e|https://photos.encuentra24.com/t_or_fh_l/f_auto/v1/cr/30/68/62/19/30686219_697f42|https://photos.encuentra24.com/t_or_fh_l/f_auto/v1/cr/30/68/62/19/30686219_996674|https://photos.encuentra24.com/t_or_fh_l/f_auto/v1/cr/30/68/62/19/30686219_ed57e0|https://photos.encuentra24.com/t_or_fh_l/f_auto/v1/cr/30/68/62/19/30686219_f6782f|https://photos.encuentra24.com/t_or_fh_l/f_auto/v1/cr/30/68/62/19/30686219_6be7aa|https://photos.encuentra24.com/t_or_fh_l/f_auto/v1/cr/30/68/62/19/30686219_d39685|https://photos.encuentra24.com/t_or_fh_l/f_auto/v1/cr/30/68/62/19/30686219_6bcba2","Lindo y acogedor local comercial esquinero, con mucha luz, en el boulevard de Los Yoses. Ideal para ofiocina privada, consultorio, o tienda de alta gama. Cuenta con terraza de acceso, amplio espacio de recepción y sala de espera.. Tres espacios independientes de oficinas, exhibición y/o consultorio privado. Cuenta con amplio parqueo sobre el boulevard de la Municipalidad de San José. Al precio del alquiler debe agregársele el IVA"
"Furnished apartment in Sabanilla","San José","Alquiler amueblado San José. Barrio Otoya","$1,245 -13% Exclusive","3","1","","","Ask the seller","","50764261804","https://www.encuentra24.com/costa-rica-en/real-estate-for-rent-apartments/furnished-apartment-in-sabanilla/32161377","https://photos.encuentra24.com/t_or_fh_l/f_auto/v1/cr/32/16/13/77/32161377_2af1cfc|https://photos.encuentra24.com/t_or_fh_l/f_auto/v1/cr/32/16/13/77/32161377_7830f95|https://photos.encuentra24.com/t_or_fh_l/f_auto/v1/cr/32/16/13/77/32161377_0924d03|https://photos.encuentra24.com/t_or_fh_l/f_auto/v1/cr/32/16/13/77/32161377_a963e86|https://photos.encuentra24.com/t_or_fh_l/f_auto/v1/cr/32/16/13/77/32161377_f0269f5|https://photos.encuentra24.com/t_or_fh_l/f_auto/v1/cr/32/16/13/77/32161377_016f3bc|https://photos.encuentra24.com/t_or_fh_l/f_auto/v1/cr/32/16/13/77/32161377_1d54ede|https://photos.encuentra24.com/t_or_fh_l/f_auto/v1/cr/32/16/13/77/32161377_c14dd5f|https://photos.encuentra24.com/t_or_fh_l/f_auto/v1/cr/32/16/13/77/32161377_ae477e7|https://photos.encuentra24.com/t_or_fh_l/f_auto/v1/cr/32/16/13/77/32161377_6f46459|https://photos.encuentra24.com/t_or_fh_l/f_auto/v1/cr/32/16/13/77/32161377_ff93a41|https://photos.encuentra24.com/t_or_fh_l/f_auto/v1/cr/32/16/13/77/32161377_c4f3ae2|https://photos.encuentra24.com/t_or_fh_l/f_auto/v1/cr/32/16/13/77/32161377_f2f25e5|https://photos.encuentra24.com/t_or_fh_l/f_auto/v1/cr/32/16/13/77/32161377_0c9136d|https://photos.encuentra24.com/t_or_fh_l/f_auto/v1/cr/32/16/13/77/32161377_ab94667|https://photos.encuentra24.com/t_or_fh_l/f_auto/v1/cr/32/16/13/77/32161377_21be14b|https://photos.encuentra24.com/t_or_fh_l/f_auto/v1/cr/32/16/13/77/32161377_06a72dd|https://photos.encuentra24.com/t_or_fh_l/f_auto/v1/cr/32/16/13/77/32161377_f7ff2d9","Precioso apartamento totalmente amueblado estilo vintage en el corazón de San José, a tan solo minutos caminando del Hospital Calderon Guardia, INS, Ministerio de Relaciones Exteriores, Asamblea Legislativa, Parque Nacional y muchos otros. En la propiedad hay dos unidades, en la primera planta donde habita el propietario en la segunda el que está para alquiler. La distribución es la siguiente, espaciosa sala comedor, cocina, un baño muy amplio y tres amplias habitaciones, una de ellas con aire acondicionado. El mobiliario es precioso y además el apartamento tiene hermosas vistas a la montaña y verde, con excelente ventilación, todo unido lo hace un oasis en la pura capital. El precio incluye los sevicios y no es negociable. No se permiten mascotas. El apartamento No cuenta con espacio de parqueo."
"Apartment for Sale / Exclusivity and Elegance in the Heart of Barrio Amón","San José","Venta de apartamento/Exclusividad y Elegancia en el Corazón de Barrio","$400,000 Exclusive","3","3","220","2","212.71","","50764261804","https://www.encuentra24.com/costa-rica-en/real-estate-for-sale-apartments-condos/apartment-for-sale-exclusivity-and-elegance-in-the-heart-of-barrio-amon/32364518","https://photos.encuentra24.com/t_or_fh_l/f_auto/v1/cr/32/36/45/18/32364518_e2b8d7ea9bad4567adb2957de30d91b1-3513e81|https://photos.encuentra24.com/t_or_fh_l/f_auto/v1/cr/32/36/45/18/32364518_e2b8d7ea9bad4567adb2957de30d91b1-f1ec212|https://photos.encuentra24.com/t_or_fh_l/f_auto/v1/cr/32/36/45/18/32364518_089a088|https://photos.encuentra24.com/t_or_fh_l/f_auto/v1/cr/32/36/45/18/32364518_e2b8d7ea9bad4567adb2957de30d91b1-129a74e|https://photos.encuentra24.com/t_or_fh_l/f_auto/v1/cr/32/36/45/18/32364518_e2b8d7ea9bad4567adb2957de30d91b1-c486c76|https://photos.encuentra24.com/t_or_fh_l/f_auto/v1/cr/32/36/45/18/32364518_e2b8d7ea9bad4567adb2957de30d91b1-dd76201|https://photos.encuentra24.com/t_or_fh_l/f_auto/v1/cr/32/36/45/18/32364518_e2b8d7ea9bad4567adb2957de30d91b1-b5493c0|https://photos.encuentra24.com/t_or_fh_l/f_auto/v1/cr/32/36/45/18/32364518_e2b8d7ea9bad4567adb2957de30d91b1-9da743b|https://photos.encuentra24.com/t_or_fh_l/f_auto/v1/cr/32/36/45/18/32364518_e2b8d7ea9bad4567adb2957de30d91b1-efd8fed|https://photos.encuentra24.com/t_or_fh_l/f_auto/v1/cr/32/36/45/18/32364518_8d18462","Enjoy privacy and historic charm in one of the city's most iconic neighborhoods. This spacious apartment is located on the fifth floor of a boutique building with only 5 floors and 8 units in total, guaranteeing a tranquil and distinguished atmosphere. Main Details: -Total Area: 220 m2 -Location: Barrio Amón, San José Layout: 3 Bedrooms + 3 Full Bathrooms + Office + Maid's Quarters + 2 Parking Spaces Features: -Social Area: Spacious living and dining room with excellent natural light and modern finishes, plus a separate TV room for family entertainment, and a breakfast nook. -Kitchen: Equipped with convenient storage cabinets, a pantry, and granite countertops. -Master Bedroom: A luxurious retreat with parquet floors, a walk-in closet, and a private full bathroom with double sinks and tempered glass doors. -Secondary Bedrooms: Two additional bedrooms that share a full bathroom, ideal for family or guests. -Home Office: A dedicated office space, perfect for working remotely. -Service Area: A separate, spacious laundry room with a drying area and a maid's quarters with a full bathroom. Why this property? Living in this building means exclusivity: with only two apartments per floor and a total of eight units, you are guaranteed a private lifestyle in a solid, five-story structure. The top floor offers beautiful views through its large windows overlooking lush vegetation and Bolívar Park. All of this is located in the most vibrant cultural and architectural district of San José. Building with 24/7 security, restricted access, visitor parking, elevator, and reception area. Don't miss the opportunity to see your next home! For more information or to schedule a visit, contact us."
"VENTA DE APARTAMENTO AMUEBLADO, SAN JOSE, NUNCIATURA, CONDOMINIO SKY GARDEN","San José","VENTA DE APARTAMENTO AMUEBLADO, SAN JOSE, NUNCIATURA, CONDOMINIO SKY GARDEN","$210,000 Opportunity","2","1","48","1","48","","50764261804","https://www.encuentra24.com/costa-rica-en/real-estate-for-sale-apartments-condos/venta-de-apartamento-amueblado-san-jose-nunciatura-condominio-sky-garden/31772564","https://photos.encuentra24.com/t_or_fh_l/f_auto/v1/cr/31/77/25/64/31772564_3d1869|https://photos.encuentra24.com/t_or_fh_l/f_auto/v1/cr/31/77/25/64/31772564_50aa3e|https://photos.encuentra24.com/t_or_fh_l/f_auto/v1/cr/31/77/25/64/31772564_762880|https://photos.encuentra24.com/t_or_fh_l/f_auto/v1/cr/31/77/25/64/31772564_8ae049|https://photos.encuentra24.com/t_or_fh_l/f_auto/v1/cr/31/77/25/64/31772564_64fd8e|https://photos.encuentra24.com/t_or_fh_l/f_auto/v1/cr/31/77/25/64/31772564_8b0f5c|https://photos.encuentra24.com/t_or_fh_l/f_auto/v1/cr/31/77/25/64/31772564_c2d0a2|https://photos.encuentra24.com/t_or_fh_l/f_auto/v1/cr/31/77/25/64/31772564_da0273|https://photos.encuentra24.com/t_or_fh_l/f_auto/v1/cr/31/77/25/64/31772564_977bfe|https://photos.encuentra24.com/t_or_fh_l/f_auto/v1/cr/31/77/25/64/31772564_876743","VENTA DE APARTAMENTO AMUEBLADO, SAN JOSE, NUNCIATURA, CONDOMINIO SKY GARDEN Precio: $210.000 Medida: 48 m² + 16 m² de parqueo DESCRIPCIÓN GENERAL: • 2 dormitorios (mide principal: 3,15 mts x 2,80 mts, secundario: 3,78 mts x 2,60 mts) • 1 baño • Sala y cocina integradas en concepto abierto. • Balcón • Parqueo para 1 vehículo ÁREAS COMUNES: piscina semiolímpica con fondo de vidrio y carril de nado de 25 mts, jacuzzi, amplio deck, gimnasio, solárium, áreas de coworking y lectura, espacios para yoga y meditación, área para mascotas, juxebox, lounge, deck abierto y área de lavandería. DESCRIPCIÓN DETALLADA: moderno apartamento ubicado en el piso 9 de Sky Garden, Nunciatura, con una distribución funcional y acabados contemporáneos que brindan confort y elegancia. El área social integra sala y cocina en un espacio abierto que se conecta con un balcón, desde el cual se disfrutan vistas despejadas hacia el oeste, excelente iluminación y ventilación natural. Se entrega totalmente amueblado, ideal tanto para quienes desean mudarse de inmediato como para inversionistas que buscan una propiedad con alta demanda de alquiler. Sky Garden Nunciatura es un proyecto residencial de concepto moderno que combina diseño vanguardista, comodidad y amenidades de primer nivel, ofreciendo una experiencia de vida urbana sofisticada. Ubicado en una de las zonas más exclusivas y de mayor plusvalía de San José, con acceso inmediato a parques, comercios, restaurantes, servicios y principales vías de comunicación. Representa una inversión segura, con excelente potencial de rentabilidad y valorización. Cuota condominal: $155,46."
"APARTMENT IN DISTRICT AMON","San José","LOCAL ESQUINERO EN BARRIO AMON","₡350,000 Destacado","","1","","","","","50764261804","https://www.encuentra24.com/costa-rica-en/real-estate-for-rent-comercial/apartment-in-district-amon/32294019","https://photos.encuentra24.com/t_or_fh_l/f_auto/v1/cr/32/29/40/19/32294019_8da63933069f75d7fc26812fe51ae79b-2441f35|https://photos.encuentra24.com/t_or_fh_l/f_auto/v1/cr/32/29/40/19/32294019_8da63933069f75d7fc26812fe51ae79b-6513415|https://photos.encuentra24.com/t_or_fh_l/f_auto/v1/cr/32/29/40/19/32294019_8da63933069f75d7fc26812fe51ae79b-51fe2c7|https://photos.encuentra24.com/t_or_fh_l/f_auto/v1/cr/32/29/40/19/32294019_8da63933069f75d7fc26812fe51ae79b-71f33d8|https://photos.encuentra24.com/t_or_fh_l/f_auto/v1/cr/32/29/40/19/32294019_8da63933069f75d7fc26812fe51ae79b-c923e4f|https://photos.encuentra24.com/t_or_fh_l/f_auto/v1/cr/32/29/40/19/32294019_8da63933069f75d7fc26812fe51ae79b-216e829","¡EL LOCAL PERFECTO PARA TU NEGOCIO EN BARRIO OTOYA! Ubicá tu marca en una de las zonas más culturales y exclusivas de San José. Este local esquinero combina el encanto histórico con detalles de ladrillo expuesto, creando una atmósfera única para cautivar a tus clientes. Detalles del Local: Tipo: Local Comercial Esquinero Precio: 350,000 mensuales Ubicación: Barrio Otoya (Cerca de Barrio Amón) Área: 40 m² Baños: 1 Baño privado Extras: Espacio para bodega Atributos: * Fachada esquinera con excelente visibilidad Paredes de ladrillo expuesto con valor histórico Ideal para: Cafetería, Boutique, Galería o Estudio ¿Querés agendar una visita? ¡Contactanos hoy mismo! Teléfono y WhatsApp: Sitio web: Nuestras redes: linktr.ee/inmobiliariajmk Somos host de Airbnb: Real Estate JMK Canal de WhatsApp: Unirse aquí #BarrioOtoya #LocalComercial #EmprendimientoCR #SanJoséCostaRica #LadrilloExpuesto #InmobiliariaJMK #BienesRaícesCR #BoutiqueCR"
"Venta de Apartamento en Torre Ser Escalante San José","San José","Venta de Apartamento en Torre Ser Escalante San José","$120,000 -4% Deal","1","1","34","","34","2024","50764261804","https://www.encuentra24.com/costa-rica-en/real-estate-for-sale-apartments-condos/venta-de-apartamento-en-torre-ser-escalante-san-jose/31798723","https://photos.encuentra24.com/t_or_fh_l/f_auto/v1/cr/31/79/87/23/31798723_c287a8|https://photos.encuentra24.com/t_or_fh_l/f_auto/v1/cr/31/79/87/23/31798723_5ffc25|https://photos.encuentra24.com/t_or_fh_l/f_auto/v1/cr/31/79/87/23/31798723_de79da|https://photos.encuentra24.com/t_or_fh_l/f_auto/v1/cr/31/79/87/23/31798723_c1d227|https://photos.encuentra24.com/t_or_fh_l/f_auto/v1/cr/31/79/87/23/31798723_b22f7d|https://photos.encuentra24.com/t_or_fh_l/f_auto/v1/cr/31/79/87/23/31798723_b8efbe|https://photos.encuentra24.com/t_or_fh_l/f_auto/v1/cr/31/79/87/23/31798723_779194|https://photos.encuentra24.com/t_or_fh_l/f_auto/v1/cr/31/79/87/23/31798723_cdbd9e|https://photos.encuentra24.com/t_or_fh_l/f_auto/v1/cr/31/79/87/23/31798723_ce2a6a|https://photos.encuentra24.com/t_or_fh_l/f_auto/v1/cr/31/79/87/23/31798723_b26ffd|https://photos.encuentra24.com/t_or_fh_l/f_auto/v1/cr/31/79/87/23/31798723_8b0903","Ser Escalante, Frente a Parque Francia | Precio de oportunidad | Ideal para inversionistas. Una excelente oportunidad de inversión en Torre Ser Escalante, una de las torres más atractivas y demandadas. Este apartamento tipo estudio, ubicado en un tercer piso, ofrece un precio único en la torre, sin comparación actual en el mercado, lo que garantiza una rápida recuperación de la inversión. Características del apartamento Tipo estudio Cocina y habitación en concepto integrado Balcón privado con hermosa vista directa hacia Parque Francia Baño completo, amplio y muy cómodo Excelente iluminación natural Ideal para alquiler tradicional o plataformas como Airbnb Amenidades de la torre Terrazas con vistas panorámicas a toda San José Jacuzzi Gimnasio totalmente equipado Área de BBQ Coworking Restaurante y cafetería dentro de la torre Pet-friendly Ideal para inversionistas Es una propiedad compacta, moderna y con alto potencial, perfecta para quienes buscan invertir de forma inteligente en una de las zonas con mayor plusvalía de San José. Contácteme para más información o agendar una visita. Este tipo de oportunidades no se repite. MLS #26-1145"
"House for sale in Barrio Amon - 50m from the Alliance Française","San José","Se vende Casa en Barrio Amon - a 50m de la Alianza Francesa","₡65,000,000 Opportunity","4","1.5","160","","105","1980","50764261804","https://www.encuentra24.com/costa-rica-en/real-estate-for-sale-houses-homes/house-for-sale-in-barrio-amon-50m-from-the-alliance-francaise/32412796","https://photos.encuentra24.com/t_or_fh_l/f_auto/v1/cr/32/41/27/96/32412796_4960ffb|https://photos.encuentra24.com/t_or_fh_l/f_auto/v1/cr/32/41/27/96/32412796_bab1cf5|https://photos.encuentra24.com/t_or_fh_l/f_auto/v1/cr/32/41/27/96/32412796_35e8592|https://photos.encuentra24.com/t_or_fh_l/f_auto/v1/cr/32/41/27/96/32412796_0179a2c|https://photos.encuentra24.com/t_or_fh_l/f_auto/v1/cr/32/41/27/96/32412796_0200cc1|https://photos.encuentra24.com/t_or_fh_l/f_auto/v1/cr/32/41/27/96/32412796_6a6c704|https://photos.encuentra24.com/t_or_fh_l/f_auto/v1/cr/32/41/27/96/32412796_7c0b4b5|https://photos.encuentra24.com/t_or_fh_l/f_auto/v1/cr/32/41/27/96/32412796_ab71d4e|https://photos.encuentra24.com/t_or_fh_l/f_auto/v1/cr/32/41/27/96/32412796_b9ec41f|https://photos.encuentra24.com/t_or_fh_l/f_auto/v1/cr/32/41/27/96/32412796_2415859|https://photos.encuentra24.com/t_or_fh_l/f_auto/v1/cr/32/41/27/96/32412796_1972cf8|https://photos.encuentra24.com/t_or_fh_l/f_auto/v1/cr/32/41/27/96/32412796_38859c1|https://photos.encuentra24.com/t_or_fh_l/f_auto/v1/cr/32/41/27/96/32412796_af5efb7|https://photos.encuentra24.com/t_or_fh_l/f_auto/v1/cr/32/41/27/96/32412796_fc6f85a|https://photos.encuentra24.com/t_or_fh_l/f_auto/v1/cr/32/41/27/96/32412796_89f0d6c|https://photos.encuentra24.com/t_or_fh_l/f_auto/v1/cr/32/41/27/96/32412796_36b3e82|https://photos.encuentra24.com/t_or_fh_l/f_auto/v1/cr/32/41/27/96/32412796_48e1ce7","Versatility and Character in Barrio Amón: The Ideal Space to Live, Work, or Invest Description: Located in the vibrant heart of Barrio Amón, just steps from the Alliance Française, this property represents a rare opportunity in today's market. Thanks to its mixed-use zoning, it adapts seamlessly to both a prestigious urban residence and a distinguished corporate headquarters. The property, remodeled in the 1980s with timeless taste and solid finishes, stands out for its intelligent layout that makes the most of its 120 m² of construction: • Main Spaces: It features four spacious rooms that can function as bedrooms or large private offices. • Distinguishing Element: A versatile mezzanine that adds architectural volume and lends itself to being an executive office, a creative studio, or a private reading area. • Social Area: An open-plan living and dining area that offers a fluid transition, ideal for client receptions or a cozy family gathering. • Complete Functionality: Separate kitchen, service area, a strategically placed storage room for archives or other storage, a full bathroom, and a half-bath for guests. What makes this property unique: While preserving the solidity of its era, its renovation was executed with an unconventional aesthetic, allowing the property to feel modern and functional without losing its essence in a historic neighborhood. Whether you are looking to establish your law firm, agency, or practice in a high-traffic area, or desire a home with character in the cultural epicenter of San José, this property is what you are looking for."
"Apartamento Torres Paseo Colón parqueo primer piso","San José","Apartamento Torres Paseo Colón parqueo primer piso","$1,150 -12%","2","2","","1","73","","50764261804","https://www.encuentra24.com/costa-rica-en/real-estate-for-rent-apartments/apartamento-torres-paseo-colon-parqueo-primer-piso/32288529","https://photos.encuentra24.com/t_or_fh_l/f_auto/v1/cr/32/28/85/29/32288529_9b491a95904a1d33e435da79d3ded3e2-59f6117|https://photos.encuentra24.com/t_or_fh_l/f_auto/v1/cr/32/28/85/29/32288529_9b491a95904a1d33e435da79d3ded3e2-38926a7|https://photos.encuentra24.com/t_or_fh_l/f_auto/v1/cr/32/28/85/29/32288529_9b491a95904a1d33e435da79d3ded3e2-184bea8|https://photos.encuentra24.com/t_or_fh_l/f_auto/v1/cr/32/28/85/29/32288529_9b491a95904a1d33e435da79d3ded3e2-594ad8b|https://photos.encuentra24.com/t_or_fh_l/f_auto/v1/cr/32/28/85/29/32288529_9b491a95904a1d33e435da79d3ded3e2-6e0aaa7|https://photos.encuentra24.com/t_or_fh_l/f_auto/v1/cr/32/28/85/29/32288529_9b491a95904a1d33e435da79d3ded3e2-3760f54|https://photos.encuentra24.com/t_or_fh_l/f_auto/v1/cr/32/28/85/29/32288529_9b491a95904a1d33e435da79d3ded3e2-b57e070|https://photos.encuentra24.com/t_or_fh_l/f_auto/v1/cr/32/28/85/29/32288529_9b491a95904a1d33e435da79d3ded3e2-99eef87|https://photos.encuentra24.com/t_or_fh_l/f_auto/v1/cr/32/28/85/29/32288529_9b491a95904a1d33e435da79d3ded3e2-16f966e|https://photos.encuentra24.com/t_or_fh_l/f_auto/v1/cr/32/28/85/29/32288529_9b491a95904a1d33e435da79d3ded3e2-818d4a2|https://photos.encuentra24.com/t_or_fh_l/f_auto/v1/cr/32/28/85/29/32288529_9b491a95904a1d33e435da79d3ded3e2-2aecfcd|https://photos.encuentra24.com/t_or_fh_l/f_auto/v1/cr/32/28/85/29/32288529_9b491a95904a1d33e435da79d3ded3e2-9cf11f1|https://photos.encuentra24.com/t_or_fh_l/f_auto/v1/cr/32/28/85/29/32288529_9b491a95904a1d33e435da79d3ded3e2-e8610b5|https://photos.encuentra24.com/t_or_fh_l/f_auto/v1/cr/32/28/85/29/32288529_9b491a95904a1d33e435da79d3ded3e2-22eb78f|https://photos.encuentra24.com/t_or_fh_l/f_auto/v1/cr/32/28/85/29/32288529_9b491a95904a1d33e435da79d3ded3e2-cf4dd49|https://photos.encuentra24.com/t_or_fh_l/f_auto/v1/cr/32/28/85/29/32288529_9b491a95904a1d33e435da79d3ded3e2-c40326b|https://photos.encuentra24.com/t_or_fh_l/f_auto/v1/cr/32/28/85/29/32288529_9b491a95904a1d33e435da79d3ded3e2-0348ab3","Apartment rental with 2 rooms, 2 bathrooms, walk-in closet in master room, spacious balcony in the living area and secondary room. Very illuminated and with beautiful views of the city as well as of the mountains. Area of batteries, with washing tower, small pile. Kitchen with breakfast with very wide granite envelope Noise glass windows. Threats: main double height lobby Independent lifts for offices and apartments Security 24 / 7. Hot tub pool. Lounge Internal running track. Terrazas Area for BBQ. Gym Spa Pet garden on the top floor."
"Charming 2BR Apartment in Barrio Otoya","San José","Encantador Apartamento de 2 Habitaciones en Barrio Otoya","₡400,000","2","1","","1","Ask the seller","","50764261804","https://www.encuentra24.com/costa-rica-en/real-estate-for-rent-apartments/charming-2br-apartment-in-barrio-otoya/32360439","https://photos.encuentra24.com/t_or_fh_l/f_auto/v1/cr/32/36/04/39/32360439_a635deb5b99a08092fe082adfe26df4f-8702e42|https://photos.encuentra24.com/t_or_fh_l/f_auto/v1/cr/32/36/04/39/32360439_a635deb5b99a08092fe082adfe26df4f-6fb7ef9|https://photos.encuentra24.com/t_or_fh_l/f_auto/v1/cr/32/36/04/39/32360439_a635deb5b99a08092fe082adfe26df4f-3185f5d|https://photos.encuentra24.com/t_or_fh_l/f_auto/v1/cr/32/36/04/39/32360439_a635deb5b99a08092fe082adfe26df4f-239fa34|https://photos.encuentra24.com/t_or_fh_l/f_auto/v1/cr/32/36/04/39/32360439_a635deb5b99a08092fe082adfe26df4f-dc0ad6a|https://photos.encuentra24.com/t_or_fh_l/f_auto/v1/cr/32/36/04/39/32360439_a635deb5b99a08092fe082adfe26df4f-e1a01bf|https://photos.encuentra24.com/t_or_fh_l/f_auto/v1/cr/32/36/04/39/32360439_a635deb5b99a08092fe082adfe26df4f-8c5ebc2|https://photos.encuentra24.com/t_or_fh_l/f_auto/v1/cr/32/36/04/39/32360439_a635deb5b99a08092fe082adfe26df4f-faf3911|https://photos.encuentra24.com/t_or_fh_l/f_auto/v1/cr/32/36/04/39/32360439_a635deb5b99a08092fe082adfe26df4f-4ac06a9|https://photos.encuentra24.com/t_or_fh_l/f_auto/v1/cr/32/36/04/39/32360439_a635deb5b99a08092fe082adfe26df4f-8ccd801|https://photos.encuentra24.com/t_or_fh_l/f_auto/v1/cr/32/36/04/39/32360439_a635deb5b99a08092fe082adfe26df4f-e6ba9c3|https://photos.encuentra24.com/t_or_fh_l/f_auto/v1/cr/32/36/04/39/32360439_a635deb5b99a08092fe082adfe26df4f-beffac2|https://photos.encuentra24.com/t_or_fh_l/f_auto/v1/cr/32/36/04/39/32360439_a635deb5b99a08092fe082adfe26df4f-4527126|https://photos.encuentra24.com/t_or_fh_l/f_auto/v1/cr/32/36/04/39/32360439_a635deb5b99a08092fe082adfe26df4f-0012039|https://photos.encuentra24.com/t_or_fh_l/f_auto/v1/cr/32/36/04/39/32360439_a635deb5b99a08092fe082adfe26df4f-bf5b524","Located on the second floor in the historic Barrio Otoya, this bright and comfortable 2-bedroom, 1-bathroom, kitchen, living room and laundry room apartment on the second floor offers an unbeatable combination of location and functionality in the heart of San José. Private garage parking for a small/medium sized vehicle available. Just a 2-minute walk from Calderón Guardia Hospital, this home is ideal for professionals, medical staff, or anyone who values convenience. You’ll also be very close to Simón Bolívar National Zoo and Botanical Garden, perfect for enjoying green space and a break from the city. You'll also be very close to Barrio Escalante where you can enjoy several amazing restaurants and night life. Set in a vibrant, central neighborhood, you’ll be close to restaurants, cafés, public transportation, and all the cultural energy San José has to offer. Monthly Rent: 400,000 Perfect for tenants seeking a walkable lifestyle in one of the city’s most convenient and charming areas. Please contact to make a viewing appointment if interested."
"ONE BEDROOM APARTMENT IN AMON DISTRICT","San José","APARTAMENTO DE UN DORMITORIO EN BARRIO AMON","₡400,000 Opportunity","1","1","","","Ask the seller","","50764261804","https://www.encuentra24.com/costa-rica-en/real-estate-for-rent-apartments/one-bedroom-apartment-in-amon-district/32293962","https://photos.encuentra24.com/t_or_fh_l/f_auto/v1/cr/32/29/39/62/32293962_9f89cd0c3ef55d469d32f40e2adaed2c-6b7ffb6|https://photos.encuentra24.com/t_or_fh_l/f_auto/v1/cr/32/29/39/62/32293962_9f89cd0c3ef55d469d32f40e2adaed2c-32a368b|https://photos.encuentra24.com/t_or_fh_l/f_auto/v1/cr/32/29/39/62/32293962_9f89cd0c3ef55d469d32f40e2adaed2c-e8e4112|https://photos.encuentra24.com/t_or_fh_l/f_auto/v1/cr/32/29/39/62/32293962_9f89cd0c3ef55d469d32f40e2adaed2c-502abde|https://photos.encuentra24.com/t_or_fh_l/f_auto/v1/cr/32/29/39/62/32293962_9f89cd0c3ef55d469d32f40e2adaed2c-1ca7d11|https://photos.encuentra24.com/t_or_fh_l/f_auto/v1/cr/32/29/39/62/32293962_9f89cd0c3ef55d469d32f40e2adaed2c-4e9f7d6|https://photos.encuentra24.com/t_or_fh_l/f_auto/v1/cr/32/29/39/62/32293962_9f89cd0c3ef55d469d32f40e2adaed2c-9a72ad3|https://photos.encuentra24.com/t_or_fh_l/f_auto/v1/cr/32/29/39/62/32293962_9f89cd0c3ef55d469d32f40e2adaed2c-7a79697|https://photos.encuentra24.com/t_or_fh_l/f_auto/v1/cr/32/29/39/62/32293962_9f89cd0c3ef55d469d32f40e2adaed2c-a239a97|https://photos.encuentra24.com/t_or_fh_l/f_auto/v1/cr/32/29/39/62/32293962_9f89cd0c3ef55d469d32f40e2adaed2c-7347ef3|https://photos.encuentra24.com/t_or_fh_l/f_auto/v1/cr/32/29/39/62/32293962_9f89cd0c3ef55d469d32f40e2adaed2c-8a6bd4a|https://photos.encuentra24.com/t_or_fh_l/f_auto/v1/cr/32/29/39/62/32293962_9f89cd0c3ef55d469d32f40e2adaed2c-50d6538|https://photos.encuentra24.com/t_or_fh_l/f_auto/v1/cr/32/29/39/62/32293962_9f89cd0c3ef55d469d32f40e2adaed2c-20e9339|https://photos.encuentra24.com/t_or_fh_l/f_auto/v1/cr/32/29/39/62/32293962_9f89cd0c3ef55d469d32f40e2adaed2c-984e7b4|https://photos.encuentra24.com/t_or_fh_l/f_auto/v1/cr/32/29/39/62/32293962_9f89cd0c3ef55d469d32f40e2adaed2c-e450b2a|https://photos.encuentra24.com/t_or_fh_l/f_auto/v1/cr/32/29/39/62/32293962_9f89cd0c3ef55d469d32f40e2adaed2c-ecc5236|https://photos.encuentra24.com/t_or_fh_l/f_auto/v1/cr/32/29/39/62/32293962_9f89cd0c3ef55d469d32f40e2adaed2c-d385f51","¡VIVE EL ENCANTO HISTÓRICO EN BARRIO AMÓN! Disfrutá de la elegancia y el confort en este exclusivo apartamento ubicado en el corazón de uno de los barrios más emblemáticos de San José. ¡Ideal para quienes buscan un espacio con carácter y mucha luz natural! Detalles de la Propiedad: Tipo: Apartamento Independiente Precio: 400,000 mensuales Ubicación: Barrio Amón, San José Habitaciones: 1 Dormitorio principal Extras: Espacio para oficina o bodega privada Baños: 1 Baño completo con Tina Parqueo: No disponible Características destacadas: * Preciosos pisos de madera de Cristóbal Ambientes muy iluminados 2 Patios internos con área de lavado Amplio closet incluido ¿Te interesa esta propiedad? ¡Contáctanos! Teléfono y WhatsApp: Sitio web: Nuestras redes: linktr.ee/inmobiliariajmk Somos host de Airbnb: vía Real Estate JMK Unite a nuestro grupo de WhatsApp: Clic aquí #BienesRaícesCR #BarrioAmón #AlquilerSanJosé #ApartamentoHistórico #InmobiliariaJMK #Costa RicaRealEstate #ViviendaConEstilo"
"Commercial building of 1100m2 in Barrio Escalante","San José","Edificio Comercial de 1100m2 en Barrio Escalante","$11,500","","10","","20","","","50764261804","https://www.encuentra24.com/costa-rica-en/real-estate-for-rent-offices/commercial-building-of-1100m2-in-barrio-escalante/32227218","https://photos.encuentra24.com/t_or_fh_l/f_auto/v1/cr/32/22/72/18/32227218_b40c9e0130a21d9368ecf881b99888ad-677e903|https://photos.encuentra24.com/t_or_fh_l/f_auto/v1/cr/32/22/72/18/32227218_b40c9e0130a21d9368ecf881b99888ad-e69e753|https://photos.encuentra24.com/t_or_fh_l/f_auto/v1/cr/32/22/72/18/32227218_b40c9e0130a21d9368ecf881b99888ad-cb936c8|https://photos.encuentra24.com/t_or_fh_l/f_auto/v1/cr/32/22/72/18/32227218_b40c9e0130a21d9368ecf881b99888ad-c594119|https://photos.encuentra24.com/t_or_fh_l/f_auto/v1/cr/32/22/72/18/32227218_b40c9e0130a21d9368ecf881b99888ad-0f3f8af|https://photos.encuentra24.com/t_or_fh_l/f_auto/v1/cr/32/22/72/18/32227218_b40c9e0130a21d9368ecf881b99888ad-a16d11d|https://photos.encuentra24.com/t_or_fh_l/f_auto/v1/cr/32/22/72/18/32227218_b40c9e0130a21d9368ecf881b99888ad-3c6c423|https://photos.encuentra24.com/t_or_fh_l/f_auto/v1/cr/32/22/72/18/32227218_b40c9e0130a21d9368ecf881b99888ad-358533e|https://photos.encuentra24.com/t_or_fh_l/f_auto/v1/cr/32/22/72/18/32227218_b40c9e0130a21d9368ecf881b99888ad-94a043f|https://photos.encuentra24.com/t_or_fh_l/f_auto/v1/cr/32/22/72/18/32227218_b40c9e0130a21d9368ecf881b99888ad-551a834|https://photos.encuentra24.com/t_or_fh_l/f_auto/v1/cr/32/22/72/18/32227218_b40c9e0130a21d9368ecf881b99888ad-165f9b5|https://photos.encuentra24.com/t_or_fh_l/f_auto/v1/cr/32/22/72/18/32227218_b40c9e0130a21d9368ecf881b99888ad-208b81c|https://photos.encuentra24.com/t_or_fh_l/f_auto/v1/cr/32/22/72/18/32227218_b40c9e0130a21d9368ecf881b99888ad-527b469|https://photos.encuentra24.com/t_or_fh_l/f_auto/v1/cr/32/22/72/18/32227218_b40c9e0130a21d9368ecf881b99888ad-704f466|https://photos.encuentra24.com/t_or_fh_l/f_auto/v1/cr/32/22/72/18/32227218_b40c9e0130a21d9368ecf881b99888ad-34c4723|https://photos.encuentra24.com/t_or_fh_l/f_auto/v1/cr/32/22/72/18/32227218_b40c9e0130a21d9368ecf881b99888ad-e68d1aa|https://photos.encuentra24.com/t_or_fh_l/f_auto/v1/cr/32/22/72/18/32227218_b40c9e0130a21d9368ecf881b99888ad-eecb28d|https://photos.encuentra24.com/t_or_fh_l/f_auto/v1/cr/32/22/72/18/32227218_b40c9e0130a21d9368ecf881b99888ad-3cdbbc3|https://photos.encuentra24.com/t_or_fh_l/f_auto/v1/cr/32/22/72/18/32227218_b40c9e0130a21d9368ecf881b99888ad-089d1bf","ID # 974 Commercial building of 1100 m² located in Barrio Escalante. It has 4 levels distributed as follows: First Level: Security Booth Elevator 16 Covered Parking Spaces 3 Bathrooms, one compliant with Law 7600 (Colombian Labor Law) Employee Dining Area Reception 1 Office 2 Large Rooms Large Covered Terrace with Access Ramp Second Level: 3 Large Rooms 2 Bathrooms Access via Elevator and Stairs Third Level: 4 Large Rooms 2 Bathrooms Access via Elevator and Stairs Fourth Level: 2 Large Rooms 3 Bathrooms, one compliant with Law 7600 (Colombian Labor Law) Access via Elevator and Stairs"
"For sale building in Barrio Amón with 2 apartments and meeting room","San José","En venta edificio en Barrio Amón con 2 apartamentos y sala de reuniones","$290,000","4","3.5","171","3","Ask the seller","","50764261804","https://www.encuentra24.com/costa-rica-en/real-estate-for-sale-houses-homes/for-sale-building-in-barrio-amon-with-2-apartments-and-meeting-room/30689744","https://photos.encuentra24.com/t_or_fh_l/f_auto/v1/cr/30/68/97/44/30689744_178895|https://photos.encuentra24.com/t_or_fh_l/f_auto/v1/cr/30/68/97/44/30689744_231213|https://photos.encuentra24.com/t_or_fh_l/f_auto/v1/cr/30/68/97/44/30689744_771ed8|https://photos.encuentra24.com/t_or_fh_l/f_auto/v1/cr/30/68/97/44/30689744_7c10bc|https://photos.encuentra24.com/t_or_fh_l/f_auto/v1/cr/30/68/97/44/30689744_01d3a6|https://photos.encuentra24.com/t_or_fh_l/f_auto/v1/cr/30/68/97/44/30689744_d52254|https://photos.encuentra24.com/t_or_fh_l/f_auto/v1/cr/30/68/97/44/30689744_cf7596|https://photos.encuentra24.com/t_or_fh_l/f_auto/v1/cr/30/68/97/44/30689744_9763c4|https://photos.encuentra24.com/t_or_fh_l/f_auto/v1/cr/30/68/97/44/30689744_dcbf63|https://photos.encuentra24.com/t_or_fh_l/f_auto/v1/cr/30/68/97/44/30689744_1676aa|https://photos.encuentra24.com/t_or_fh_l/f_auto/v1/cr/30/68/97/44/30689744_82379b|https://photos.encuentra24.com/t_or_fh_l/f_auto/v1/cr/30/68/97/44/30689744_d9222d|https://photos.encuentra24.com/t_or_fh_l/f_auto/v1/cr/30/68/97/44/30689744_4c2442|https://photos.encuentra24.com/t_or_fh_l/f_auto/v1/cr/30/68/97/44/30689744_33a9e1|https://photos.encuentra24.com/t_or_fh_l/f_auto/v1/cr/30/68/97/44/30689744_190c53|https://photos.encuentra24.com/t_or_fh_l/f_auto/v1/cr/30/68/97/44/30689744_799f89|https://photos.encuentra24.com/t_or_fh_l/f_auto/v1/cr/30/68/97/44/30689744_ec8ad3|https://photos.encuentra24.com/t_or_fh_l/f_auto/v1/cr/30/68/97/44/30689744_41dbe1|https://photos.encuentra24.com/t_or_fh_l/f_auto/v1/cr/30/68/97/44/30689744_b8c083","Unique opportunity in the heart of San José! Barrio Amón – Where history, culture, and urban growth meet. This mixed-use property is perfect for investors and entrepreneurs looking for a versatile space in one of the city's most vibrant areas. Two identical apartments (2 bedrooms + 1 bathroom + closet + living room + dining room + kitchen + laundry area and skylight) and office Ideal for rental, business, or Airbnb Strategic location with access to shops, universities, and transportation Area with high demand and growing capital gains Vacant and requires maintenance Land 171.37 m2 Construction 284 m2 Invest in a place with history and potential! Contact me for more details or to schedule a visit. Don't miss this opportunity! Gaudy Sancho Real Estate Agent at Keller Williams"
"Apartment furnished. San José, Barrio Otoya","San José","Apartamento amueblado. San José, Barrio Otoya","$1,245 Exclusive","3","1","","","Ask the seller","","50764261804","https://www.encuentra24.com/costa-rica-en/real-estate-for-rent-apartments/apartment-furnished-san-jose-barrio-otoya/31967566","https://photos.encuentra24.com/t_or_fh_l/f_auto/v1/cr/31/96/75/66/31967566_2f85b3cbd54e07d484b65f1d9f08eac9-856f7b1|https://photos.encuentra24.com/t_or_fh_l/f_auto/v1/cr/31/96/75/66/31967566_2f85b3cbd54e07d484b65f1d9f08eac9-270e4b1|https://photos.encuentra24.com/t_or_fh_l/f_auto/v1/cr/31/96/75/66/31967566_2f85b3cbd54e07d484b65f1d9f08eac9-55e6507|https://photos.encuentra24.com/t_or_fh_l/f_auto/v1/cr/31/96/75/66/31967566_2f85b3cbd54e07d484b65f1d9f08eac9-c2a5d28|https://photos.encuentra24.com/t_or_fh_l/f_auto/v1/cr/31/96/75/66/31967566_2f85b3cbd54e07d484b65f1d9f08eac9-b1a6b55|https://photos.encuentra24.com/t_or_fh_l/f_auto/v1/cr/31/96/75/66/31967566_2f85b3cbd54e07d484b65f1d9f08eac9-3260070|https://photos.encuentra24.com/t_or_fh_l/f_auto/v1/cr/31/96/75/66/31967566_2f85b3cbd54e07d484b65f1d9f08eac9-78e950e|https://photos.encuentra24.com/t_or_fh_l/f_auto/v1/cr/31/96/75/66/31967566_2f85b3cbd54e07d484b65f1d9f08eac9-79b2878|https://photos.encuentra24.com/t_or_fh_l/f_auto/v1/cr/31/96/75/66/31967566_2f85b3cbd54e07d484b65f1d9f08eac9-3b4de3e|https://photos.encuentra24.com/t_or_fh_l/f_auto/v1/cr/31/96/75/66/31967566_2f85b3cbd54e07d484b65f1d9f08eac9-02a8d25|https://photos.encuentra24.com/t_or_fh_l/f_auto/v1/cr/31/96/75/66/31967566_2f85b3cbd54e07d484b65f1d9f08eac9-6368af7|https://photos.encuentra24.com/t_or_fh_l/f_auto/v1/cr/31/96/75/66/31967566_2f85b3cbd54e07d484b65f1d9f08eac9-f080762|https://photos.encuentra24.com/t_or_fh_l/f_auto/v1/cr/31/96/75/66/31967566_2f85b3cbd54e07d484b65f1d9f08eac9-66f19d5|https://photos.encuentra24.com/t_or_fh_l/f_auto/v1/cr/31/96/75/66/31967566_2f85b3cbd54e07d484b65f1d9f08eac9-f14dd4f|https://photos.encuentra24.com/t_or_fh_l/f_auto/v1/cr/31/96/75/66/31967566_2f85b3cbd54e07d484b65f1d9f08eac9-21aa947|https://photos.encuentra24.com/t_or_fh_l/f_auto/v1/cr/31/96/75/66/31967566_2f85b3cbd54e07d484b65f1d9f08eac9-6066b1d|https://photos.encuentra24.com/t_or_fh_l/f_auto/v1/cr/31/96/75/66/31967566_2f85b3cbd54e07d484b65f1d9f08eac9-3cbbad8|https://photos.encuentra24.com/t_or_fh_l/f_auto/v1/cr/31/96/75/66/31967566_2f85b3cbd54e07d484b65f1d9f08eac9-1c74481|https://photos.encuentra24.com/t_or_fh_l/f_auto/v1/cr/31/96/75/66/31967566_2f85b3cbd54e07d484b65f1d9f08eac9-22c5d22","Hermoso y espacioso apartamento Vintage, de 3 habitaciones / 1 baño. Sin parqueo En segunda planta La Casa Don Tomas, se ubica en el Barrio Otoya, colindante con los barrios, Amón, Aranjuez y Barrio Escalante. El segundo piso de la casa, el Penthouse, Don Tomás decidió alquilarlo. La callecita donde se ubica la Casa es semi-privada, situada detrás de la Casa Amarilla y del edificio del INS, a unos cuantos metros de la antigua entrada del Parque Simón Bolívar. La casa original se dividió en 2 unidades, en la planta baja, es la casa de Don Tomás y en la segunda el penthouse. El Penthouse se encuentra en una área de San José, muy bella y segura. A solamente quince minutos caminando, se encuentra el Teatro Nacional y el centro de San José. A pocas cuadras del apartamento están los edificios de La Asamblea Legislativa, El Ministerio de Cultura, el Tribunal Supremo de Elecciones, La Cancillería, la Estación del Ferrocarril al Atlántico, La Iglesia Santa Teresita, el Hospital Calderón Guardia y el Cine Magaly. El Barrio Otoya, está lleno de galerías de arte y cafecitos, para sentarse con una amistad, a tomarse el de la tarde y ponerse al día en el acontecer nacional. Todos los días se puede efectuar caminatas a cualquiera de los cuatro parques que rodean la Casa Don Tomás: Los parques Nacional, España, Morazán y Simón Bolívar y los días sábados se puede ir caminando a la Feria Verde de Barrio Aranjuez, a solamente dos cuadras de distancia, y unas pocas cuadras más, el Cine Magaly y el Barrio Escalante, centro gastronómico de San José, con sus numerosos restaurantes. El Penthouse es amueblado y consta de 3 habitaciones, 1 baño, sala, comedor y cocina. Incluye lo siguiente: El costo de la luz y el agua, A/C en la habitación principal, refrigeradora, cocina eléctrica, Coffee Maker, microondas, lavadora y secadora. Muebles de dormitorios, sala y comedor. Acceso al jardín. Es un apartamento hermoso y su estilo vintage, es el de San José histórico de principios del siglo pasado, Una belleza!! No tiene cochera No es apta para niños y personas de la Tercera Edad No pets Ideal para un profesional, una de las habitaciones se puede convertir en oficina. No smoking inside Incluye agua, luz. ***Precio No Negociable*** ***No cuenta con Parqueo***"
"Thor Building","San José","Edificio Thor","$32,724","","3","","20","","","50764261804","https://www.encuentra24.com/costa-rica-en/real-estate-for-rent-comercial/thor-building/28136830","https://photos.encuentra24.com/t_or_fh_l/f_auto/v1/cr/28/13/68/30/28136830_9fa039|https://photos.encuentra24.com/t_or_fh_l/f_auto/v1/cr/28/13/68/30/28136830_92137f|https://photos.encuentra24.com/t_or_fh_l/f_auto/v1/cr/28/13/68/30/28136830_9da4ce|https://photos.encuentra24.com/t_or_fh_l/f_auto/v1/cr/28/13/68/30/28136830_a04596|https://photos.encuentra24.com/t_or_fh_l/f_auto/v1/cr/28/13/68/30/28136830_124311|https://photos.encuentra24.com/t_or_fh_l/f_auto/v1/cr/28/13/68/30/28136830_c480fc|https://photos.encuentra24.com/t_or_fh_l/f_auto/v1/cr/28/13/68/30/28136830_1d6b3b","Modern Thor Building in California"
"ED-188-124; EDIFIC IN SAN JOSE - Rental $2,400- Sale $6,500,000","San José","ED-188 | EDIFICIO EN SAN JOSE - Alquiler $50.000 -Venta $6.500.000","$6,500,000 Opportunity","","5","2575","More","Ask the seller","","50764261804","https://www.encuentra24.com/costa-rica-en/real-estate-for-sale-buildings/ed-188-124-edific-in-san-jose-rental-2-400-sale-6-500-000/32400911","https://photos.encuentra24.com/t_or_fh_l/f_auto/v1/cr/32/40/09/11/32400911_da8573f|https://photos.encuentra24.com/t_or_fh_l/f_auto/v1/cr/32/40/09/11/32400911_584e926|https://photos.encuentra24.com/t_or_fh_l/f_auto/v1/cr/32/40/09/11/32400911_297ad35|https://photos.encuentra24.com/t_or_fh_l/f_auto/v1/cr/32/40/09/11/32400911_dde5c1c|https://photos.encuentra24.com/t_or_fh_l/f_auto/v1/cr/32/40/09/11/32400911_db79b5f|https://photos.encuentra24.com/t_or_fh_l/f_auto/v1/cr/32/40/09/11/32400911_46aaca0|https://photos.encuentra24.com/t_or_fh_l/f_auto/v1/cr/32/40/09/11/32400911_bc1e05a","Ubicación: San Jose, costado del Club Unión Terreno: 2.575 m² Precio Venta: $6.500.000 Precio Alquiler: $50.000 Precioso edificio en los alrededores de Correos de Costa Rica. Cuenta con una recepción a la entrada, además salas de reuniones, cocineta, baños, aire acondicionado en los diferentes pisos. Además cuenta con: Sistema de incendio Cable estructurado Amueblado Sistema de bombeo de agua potable Planta de energía eléctrica Bóveda Elevador panorámico Elevador normal Sistema de control de acceso Sistema CCTV Amueblado Cableado Estructurado Contáctenos:"
"Modern Stylish Living at Secrt Escalante","San José","¡Vive con Estilo! Alquiler Moderno Apartamento Torre Secrt Escalante","$1,300 Destacado","1","1","","1","1","","50764261804","https://www.encuentra24.com/costa-rica-en/real-estate-for-rent-apartments/modern-stylish-living-at-secrt-escalante/32287993","https://photos.encuentra24.com/t_or_fh_l/f_auto/v1/cr/32/28/79/93/32287993_468ca110ee2ca3ba5cb3a50435242f3d-fb16583|https://photos.encuentra24.com/t_or_fh_l/f_auto/v1/cr/32/28/79/93/32287993_468ca110ee2ca3ba5cb3a50435242f3d-fc057f1|https://photos.encuentra24.com/t_or_fh_l/f_auto/v1/cr/32/28/79/93/32287993_468ca110ee2ca3ba5cb3a50435242f3d-d86dca1|https://photos.encuentra24.com/t_or_fh_l/f_auto/v1/cr/32/28/79/93/32287993_468ca110ee2ca3ba5cb3a50435242f3d-3d1a660|https://photos.encuentra24.com/t_or_fh_l/f_auto/v1/cr/32/28/79/93/32287993_468ca110ee2ca3ba5cb3a50435242f3d-b25f3d1|https://photos.encuentra24.com/t_or_fh_l/f_auto/v1/cr/32/28/79/93/32287993_468ca110ee2ca3ba5cb3a50435242f3d-363aa9d|https://photos.encuentra24.com/t_or_fh_l/f_auto/v1/cr/32/28/79/93/32287993_468ca110ee2ca3ba5cb3a50435242f3d-f4ffe93|https://photos.encuentra24.com/t_or_fh_l/f_auto/v1/cr/32/28/79/93/32287993_468ca110ee2ca3ba5cb3a50435242f3d-8c5447a|https://photos.encuentra24.com/t_or_fh_l/f_auto/v1/cr/32/28/79/93/32287993_468ca110ee2ca3ba5cb3a50435242f3d-9cc53b4|https://photos.encuentra24.com/t_or_fh_l/f_auto/v1/cr/32/28/79/93/32287993_468ca110ee2ca3ba5cb3a50435242f3d-b503287|https://photos.encuentra24.com/t_or_fh_l/f_auto/v1/cr/32/28/79/93/32287993_468ca110ee2ca3ba5cb3a50435242f3d-7098593|https://photos.encuentra24.com/t_or_fh_l/f_auto/v1/cr/32/28/79/93/32287993_468ca110ee2ca3ba5cb3a50435242f3d-28e0d73|https://photos.encuentra24.com/t_or_fh_l/f_auto/v1/cr/32/28/79/93/32287993_468ca110ee2ca3ba5cb3a50435242f3d-61462f4|https://photos.encuentra24.com/t_or_fh_l/f_auto/v1/cr/32/28/79/93/32287993_468ca110ee2ca3ba5cb3a50435242f3d-84afa9d|https://photos.encuentra24.com/t_or_fh_l/f_auto/v1/cr/32/28/79/93/32287993_468ca110ee2ca3ba5cb3a50435242f3d-d7420db|https://photos.encuentra24.com/t_or_fh_l/f_auto/v1/cr/32/28/79/93/32287993_468ca110ee2ca3ba5cb3a50435242f3d-a9a8f03","Modern Furnished Apartment with City Views in Secrt Escalante Experience stylish living in this brand-new, fully furnished apartment featuring exclusive design and high-quality finishes. Ideal for those seeking comfort, location, and an active lifestyle. Apartment details: 1 bedroom 34 m² efficiently designed space 1 parking space included Fully furnished and equipped Contemporary and functional design Spectacular city views Rental price: $1,300 Building amenities: Swimming pool with social area BBQ areas and lounges Fully equipped gym Coworking spaces Padel court Movie theater Creative common areas and event spaces Smart building concept adapted to modern living Prime location – Barrio Escalante: Live in one of the most vibrant and exclusive areas of the city, close to top restaurants and cafés, business centers, universities, supermarkets, and essential services, surrounded by a dynamic cultural and gastronomic scene. Perfect for those seeking community, comfort, and convenience in one place. Contact me for more information or to schedule a visit. Miguel Campos MLS #26-1815"
"15 m² Office for Rent in Barrio Dent","San José","ALQUILER OFICINA 15M² BARRIO DENT","$750.00 Destacado","","2","","","","","50764261804","https://www.encuentra24.com/costa-rica-en/real-estate-for-rent-offices/15-m-office-for-rent-in-barrio-dent/32256424","https://photos.encuentra24.com/t_or_fh_l/f_auto/v1/cr/32/25/64/24/32256424_0a1b206a37afa0da951dae339eafc7fb-579e8fd|https://photos.encuentra24.com/t_or_fh_l/f_auto/v1/cr/32/25/64/24/32256424_0a1b206a37afa0da951dae339eafc7fb-4a6d7fa|https://photos.encuentra24.com/t_or_fh_l/f_auto/v1/cr/32/25/64/24/32256424_0a1b206a37afa0da951dae339eafc7fb-1bf6534|https://photos.encuentra24.com/t_or_fh_l/f_auto/v1/cr/32/25/64/24/32256424_0a1b206a37afa0da951dae339eafc7fb-6241b42|https://photos.encuentra24.com/t_or_fh_l/f_auto/v1/cr/32/25/64/24/32256424_0a1b206a37afa0da951dae339eafc7fb-2d72140|https://photos.encuentra24.com/t_or_fh_l/f_auto/v1/cr/32/25/64/24/32256424_0a1b206a37afa0da951dae339eafc7fb-254a856|https://photos.encuentra24.com/t_or_fh_l/f_auto/v1/cr/32/25/64/24/32256424_0a1b206a37afa0da951dae339eafc7fb-fd25631|https://photos.encuentra24.com/t_or_fh_l/f_auto/v1/cr/32/25/64/24/32256424_0a1b206a37afa0da951dae339eafc7fb-b2f56d2|https://photos.encuentra24.com/t_or_fh_l/f_auto/v1/cr/32/25/64/24/32256424_0a1b206a37afa0da951dae339eafc7fb-21ce010|https://photos.encuentra24.com/t_or_fh_l/f_auto/v1/cr/32/25/64/24/32256424_0a1b206a37afa0da951dae339eafc7fb-5636e53|https://photos.encuentra24.com/t_or_fh_l/f_auto/v1/cr/32/25/64/24/32256424_0a1b206a37afa0da951dae339eafc7fb-809f169|https://photos.encuentra24.com/t_or_fh_l/f_auto/v1/cr/32/25/64/24/32256424_0a1b206a37afa0da951dae339eafc7fb-ab46ad5|https://photos.encuentra24.com/t_or_fh_l/f_auto/v1/cr/32/25/64/24/32256424_0a1b206a37afa0da951dae339eafc7fb-d3de3ef|https://photos.encuentra24.com/t_or_fh_l/f_auto/v1/cr/32/25/64/24/32256424_0a1b206a37afa0da951dae339eafc7fb-b974ebe|https://photos.encuentra24.com/t_or_fh_l/f_auto/v1/cr/32/25/64/24/32256424_0a1b206a37afa0da951dae339eafc7fb-33caf98|https://photos.encuentra24.com/t_or_fh_l/f_auto/v1/cr/32/25/64/24/32256424_0a1b206a37afa0da951dae339eafc7fb-403f47c|https://photos.encuentra24.com/t_or_fh_l/f_auto/v1/cr/32/25/64/24/32256424_0a1b206a37afa0da951dae339eafc7fb-da8d8c1","FULLY EQUIPPED OFFICE IN BARRIO DENT. Office for Rent – San José Establish your business in one of the most strategic areas in eastern San José. This office is ideal for professionals seeking comfort, functionality, and a prime location. 15 m² | Fully furnished Move-in ready Professional environment Excellent location Prime Location Located in Barrio Dent, with easy access and close to: Universities Restaurants and cafés Public transportation Essential services Included Services Reception and client assistance Receptionist during business hours 8 hours per month of fully equipped meeting rooms Shared waiting area Equipped kitchen Shared restrooms Beverage service for your clients High-speed internet Water and electricity included 5 messenger services per month Access Hours Monday to Friday, 8:00 a.m. – 6:00 p.m. Ideal For Psychologists, psychiatrists, therapists Lawyers Accountants and administrators Architects Digital marketing and consultants Independent professionals A practical, professional, all-inclusive solution to grow your business. Contact us today for more information or to schedule a visit Rent-A-House Angie Ibrahim MLS #26-1578"
"Se vende propiedad en Barrio Amón con 3 apartamento y 1 local comercial","San José","Se vende propiedad en Barrio Amón con 3 apartamento y 1 local comercial","$895,000","9","10","689","2","Ask the seller","","50764261804","https://www.encuentra24.com/costa-rica-en/real-estate-for-sale-buildings/se-vende-propiedad-en-barrio-amon-con-3-apartamento-y-1-local-comercial/32266083","https://photos.encuentra24.com/t_or_fh_l/f_auto/v1/cr/32/26/60/83/32266083_d80e949157af34772f1bb7c3b4a1080c-e7dc314|https://photos.encuentra24.com/t_or_fh_l/f_auto/v1/cr/32/26/60/83/32266083_d80e949157af34772f1bb7c3b4a1080c-5848d28|https://photos.encuentra24.com/t_or_fh_l/f_auto/v1/cr/32/26/60/83/32266083_d80e949157af34772f1bb7c3b4a1080c-fab7d3b|https://photos.encuentra24.com/t_or_fh_l/f_auto/v1/cr/32/26/60/83/32266083_d80e949157af34772f1bb7c3b4a1080c-e55b164|https://photos.encuentra24.com/t_or_fh_l/f_auto/v1/cr/32/26/60/83/32266083_d80e949157af34772f1bb7c3b4a1080c-b7e065e|https://photos.encuentra24.com/t_or_fh_l/f_auto/v1/cr/32/26/60/83/32266083_d80e949157af34772f1bb7c3b4a1080c-28bb4c0|https://photos.encuentra24.com/t_or_fh_l/f_auto/v1/cr/32/26/60/83/32266083_d80e949157af34772f1bb7c3b4a1080c-002688a|https://photos.encuentra24.com/t_or_fh_l/f_auto/v1/cr/32/26/60/83/32266083_d80e949157af34772f1bb7c3b4a1080c-2c738c9|https://photos.encuentra24.com/t_or_fh_l/f_auto/v1/cr/32/26/60/83/32266083_d80e949157af34772f1bb7c3b4a1080c-c088fa4|https://photos.encuentra24.com/t_or_fh_l/f_auto/v1/cr/32/26/60/83/32266083_d80e949157af34772f1bb7c3b4a1080c-9aaaded|https://photos.encuentra24.com/t_or_fh_l/f_auto/v1/cr/32/26/60/83/32266083_d80e949157af34772f1bb7c3b4a1080c-4dab79e|https://photos.encuentra24.com/t_or_fh_l/f_auto/v1/cr/32/26/60/83/32266083_d80e949157af34772f1bb7c3b4a1080c-159fa05|https://photos.encuentra24.com/t_or_fh_l/f_auto/v1/cr/32/26/60/83/32266083_d80e949157af34772f1bb7c3b4a1080c-597e3dc|https://photos.encuentra24.com/t_or_fh_l/f_auto/v1/cr/32/26/60/83/32266083_d80e949157af34772f1bb7c3b4a1080c-0e3a929|https://photos.encuentra24.com/t_or_fh_l/f_auto/v1/cr/32/26/60/83/32266083_d80e949157af34772f1bb7c3b4a1080c-b24919e","Se vende propiedad en el centro cultural de San José Ubicada a tan solo 100 metros del Parque Morazán Excelente oportunidad de inversión con un retorno del 7% (ROI). La propiedad se encuentra actualmente 100% alquilada, generando ingresos desde el primer día Cuenta con: - Apartamentos de 3 cuartos y 3 baños en primer piso - Apartamento con 2 cuartos y 2 baños en segundo piso. - Apartamento tipo loft en tercer piso con 2 cuartos y 3 baños y con vista al Morazán. - Amplio local comercial apto para cualquier negocio. El edificio se destaca por su arquitectura única en San José, lo que le brinda un valor diferenciador tanto residencial como comercial"