province,canton,district,property_type,property_area,utility,environment,accessibility,terrain,legal_status,price_millions,whatsapp,images,title,description,bedrooms,bathrooms,parking,year_built_range,construction_area
"San Jose","Escazú","San Rafael","condo","210","","","","","","575000","50764261804","https://photos.encuentra24.com/t_or_fh_l/f_auto/v1/cr/31/98/40/73/31984073_330d60|https://photos.encuentra24.com/t_or_fh_l/f_auto/v1/cr/31/98/40/73/31984073_07aa3f|https://photos.encuentra24.com/t_or_fh_l/f_auto/v1/cr/31/98/40/73/31984073_d68b80|https://photos.encuentra24.com/t_or_fh_l/f_auto/v1/cr/31/98/40/73/31984073_213d45|https://photos.encuentra24.com/t_or_fh_l/f_auto/v1/cr/31/98/40/73/31984073_e804ad|https://photos.encuentra24.com/t_or_fh_l/f_auto/v1/cr/31/98/40/73/31984073_5cea1e|https://photos.encuentra24.com/t_or_fh_l/f_auto/v1/cr/31/98/40/73/31984073_759a6a|https://photos.encuentra24.com/t_or_fh_l/f_auto/v1/cr/31/98/40/73/31984073_2fce14","¡Se Vende! Lujoso Apartamento en Condominio | Guachipelin, Escazú","¡Se Vende! Lujoso Apartamento en Condominio | Guachipelin, Escazú | 2 habitaciones | 2.5 Baños | 2 Estacionamientos | Precio $575,000 Lote: 210 m² Habitable: 166 m² Ubicado en exclusivo Condominio en Guachipelin de Escazú en Torre, el cual, ofrece acabados de lujo, terraza, sala de tv, excelente iluminación natural y hermosas vistas a la ciudad. Distribución: 2 habitaciones / Prevista una tercera de ser necesario 2 baños completos. 1 medio baño. Sala. Terraza. Cocina. Bodega. 2 parqueos. Amenidades del condominio: Gimnasio. Piscina recreativa. Casa Club Playground Parqueo de visitas. Seguridad 24 horas. Cuota condominal: $536. ¡Coordine su cita ahora mismo!","2","2","2","2025","166"
"San Jose","Escazú","San Rafael","house","1241","","","","","","850000","50764261804","https://photos.encuentra24.com/t_or_fh_l/f_auto/v1/cr/32/38/20/90/32382090_7b53abfea42531f1c12adc73fc7a8511-1b8fee1|https://photos.encuentra24.com/t_or_fh_l/f_auto/v1/cr/32/38/20/90/32382090_7b53abfea42531f1c12adc73fc7a8511-c2c1cca|https://photos.encuentra24.com/t_or_fh_l/f_auto/v1/cr/32/38/20/90/32382090_7b53abfea42531f1c12adc73fc7a8511-f42073b|https://photos.encuentra24.com/t_or_fh_l/f_auto/v1/cr/32/38/20/90/32382090_7b53abfea42531f1c12adc73fc7a8511-acb40f5|https://photos.encuentra24.com/t_or_fh_l/f_auto/v1/cr/32/38/20/90/32382090_7b53abfea42531f1c12adc73fc7a8511-e141434|https://photos.encuentra24.com/t_or_fh_l/f_auto/v1/cr/32/38/20/90/32382090_7b53abfea42531f1c12adc73fc7a8511-c26060b|https://photos.encuentra24.com/t_or_fh_l/f_auto/v1/cr/32/38/20/90/32382090_7b53abfea42531f1c12adc73fc7a8511-44fe456|https://photos.encuentra24.com/t_or_fh_l/f_auto/v1/cr/32/38/20/90/32382090_7b53abfea42531f1c12adc73fc7a8511-455e178|https://photos.encuentra24.com/t_or_fh_l/f_auto/v1/cr/32/38/20/90/32382090_7b53abfea42531f1c12adc73fc7a8511-04d76eb|https://photos.encuentra24.com/t_or_fh_l/f_auto/v1/cr/32/38/20/90/32382090_7b53abfea42531f1c12adc73fc7a8511-d27dc2e|https://photos.encuentra24.com/t_or_fh_l/f_auto/v1/cr/32/38/20/90/32382090_7b53abfea42531f1c12adc73fc7a8511-c9fbe5f|https://photos.encuentra24.com/t_or_fh_l/f_auto/v1/cr/32/38/20/90/32382090_7b53abfea42531f1c12adc73fc7a8511-fed1adb|https://photos.encuentra24.com/t_or_fh_l/f_auto/v1/cr/32/38/20/90/32382090_7b53abfea42531f1c12adc73fc7a8511-8542cb1|https://photos.encuentra24.com/t_or_fh_l/f_auto/v1/cr/32/38/20/90/32382090_7b53abfea42531f1c12adc73fc7a8511-0d42f4c|https://photos.encuentra24.com/t_or_fh_l/f_auto/v1/cr/32/38/20/90/32382090_7b53abfea42531f1c12adc73fc7a8511-807ac4e|https://photos.encuentra24.com/t_or_fh_l/f_auto/v1/cr/32/38/20/90/32382090_7b53abfea42531f1c12adc73fc7a8511-08ffc0f|https://photos.encuentra24.com/t_or_fh_l/f_auto/v1/cr/32/38/20/90/32382090_7b53abfea42531f1c12adc73fc7a8511-0394bfe|https://photos.encuentra24.com/t_or_fh_l/f_auto/v1/cr/32/38/20/90/32382090_7b53abfea42531f1c12adc73fc7a8511-26e1820|https://photos.encuentra24.com/t_or_fh_l/f_auto/v1/cr/32/38/20/90/32382090_7b53abfea42531f1c12adc73fc7a8511-95cba79","House for sale in Cerro Real Escazú – Terracota Dream","Luxury house in Cerro Real Escazú, Imagine waking up every morning in a refuge where time seems to stand still. Located in the exclusive Cerro Real condominium, in Alto de las Palomas, Terracota Dream is not just a residence; it is the fulfillment of an architectural dream that transports its inhabitants to the serenity of an authentic Mexican hacienda house. From the moment you step through the threshold of its long, elegant lobby, the house invites you to leave the outside world behind. The living spaces are designed with a concept of total integration, where the living and dining rooms flow seamlessly into a spectacular terrace complete with a charming rancho. This corner has been conceived as the heart of the property: a space where fun and relaxation converge in front of a private recreational pool. Hacienda Architecture: Nobility in every detail The property's structure pays homage to traditional construction with a contemporary luxury approach. The molded adobe walls and handcrafted brick arches not only lend a rustic yet elegant aesthetic, but also act as natural insulators, maintaining a super cool and ideal summer temperature. Looking up, the double-height ceilings reveal the imposing presence of exposed wooden beams , lending a majestic scale to the social spaces. This combination of natural materials—earth, wood, and brick—creates a rich and inviting visual texture. Space, Light and Connection: The sleeping area has been designed as an oasis of independence. The property features four spacious bedrooms , each with its own private bathroom , guaranteeing absolute privacy. The master bedroom is a 50-square-meter masterpiece with a private door that connects directly to the gardens, allowing nature to be the first thing you see upon waking. The master bathroom functions as a private spa, equipped with a bathtub and a generous walk-in closet. Property Specifications Asking Price: $850,000 (we'll consider your offer) Maintenance Fee: 290,000 colones per month Lot Area: 1,241 m² Construction Area: 500 m² (Distributed on a single floor) zero steps. Year of construction 2014 Rooms: 4 bedrooms + full maid's quarters. Semi-private kitchen with excellent lighting and views of the gardens. Pantry and wine cellar. Extras: Private office and parking for 8 vehicles (2 indoors). Heated recreational swimming pool. Spacious utility room or laundry room. Surroundings: Gardens with fruit trees, bird watching and private pool. Terracota Dream is a property that must be experienced in person to truly appreciate its magic. Contact us today to schedule a private tour and discover the legacy of luxury that awaits you at Cerro Real.","5","5.5","8","2014","500"
"San Jose","Escazú","San Rafael","house","Ask the seller","","","","","","1325000001","50764261804","https://photos.encuentra24.com/t_or_fh_l/f_auto/v1/cr/31/74/64/00/31746400_94542f|https://photos.encuentra24.com/t_or_fh_l/f_auto/v1/cr/31/74/64/00/31746400_bea027|https://photos.encuentra24.com/t_or_fh_l/f_auto/v1/cr/31/74/64/00/31746400_e53fd6|https://photos.encuentra24.com/t_or_fh_l/f_auto/v1/cr/31/74/64/00/31746400_f4b66d|https://photos.encuentra24.com/t_or_fh_l/f_auto/v1/cr/31/74/64/00/31746400_dc20da|https://photos.encuentra24.com/t_or_fh_l/f_auto/v1/cr/31/74/64/00/31746400_473e1d|https://photos.encuentra24.com/t_or_fh_l/f_auto/v1/cr/31/74/64/00/31746400_cd530b|https://photos.encuentra24.com/t_or_fh_l/f_auto/v1/cr/31/74/64/00/31746400_2f63d9|https://photos.encuentra24.com/t_or_fh_l/f_auto/v1/cr/31/74/64/00/31746400_5f48e4|https://photos.encuentra24.com/t_or_fh_l/f_auto/v1/cr/31/74/64/00/31746400_27925a|https://photos.encuentra24.com/t_or_fh_l/f_auto/v1/cr/31/74/64/00/31746400_201c74|https://photos.encuentra24.com/t_or_fh_l/f_auto/v1/cr/31/74/64/00/31746400_33b145|https://photos.encuentra24.com/t_or_fh_l/f_auto/v1/cr/31/74/64/00/31746400_f82340|https://photos.encuentra24.com/t_or_fh_l/f_auto/v1/cr/31/74/64/00/31746400_f453d1|https://photos.encuentra24.com/t_or_fh_l/f_auto/v1/cr/31/74/64/00/31746400_828e44|https://photos.encuentra24.com/t_or_fh_l/f_auto/v1/cr/31/74/64/00/31746400_60bcc3|https://photos.encuentra24.com/t_or_fh_l/f_auto/v1/cr/31/74/64/00/31746400_78e0eb|https://photos.encuentra24.com/t_or_fh_l/f_auto/v1/cr/31/74/64/00/31746400_6413fa|https://photos.encuentra24.com/t_or_fh_l/f_auto/v1/cr/31/74/64/00/31746400_aa3d95|https://photos.encuentra24.com/t_or_fh_l/f_auto/v1/cr/31/74/64/00/31746400_c69696","Unique opportunity! House in the Heart of San Rafael de Escazú","Privileged Location: In the center of San Rafael de Escazú, one of the most exclusive and sought-after areas of Costa Rica. Just 125 meters from the Burger King, close to gourmet restaurants, prestigious schools and colleges, supermarkets and shopping centers. Live with everything at your fingertips for your family's daily comfort! Ideal for a family of 4 people: comfortable and functional spaces that combine luxury and practicality in a safe and vibrant environment. Property Details: Lot: 120 m² Build size: 200 m² First Floor: Garage for 2 vehicles , spacious and bright living - dining room, modern kitchen, practical and spacious laundry room, half bathroom , and a small patio with minimalist decoration – perfect for moments of relaxation outdoors. Second Floor: Two bedrooms with closets that share a full bathroom, and the master bedroom with a private bathroom and walk-in closet – designed for privacy and comfort. Finishes: Cute and fine details that enhance the elegance of each space. Price: CRC 137,500,000.00 (aprox. US$275,000) – A smart investment in a high-value area! Don't miss this opportunity to acquire a property ready to move in and enjoy. Visits by appointment only. It is sold without intermediaries (not brokers). Contact: Schedule your visit today and make this house your new home! #CasaEnVenta #Escazu #InmueblesCostaRica","3","2.5","2","2007","200"
"San Jose","Escazú","San Rafael","house","941","","","","","","10900001","50764261804","https://photos.encuentra24.com/t_or_fh_l/f_auto/v1/cr/31/96/97/76/31969776_c925f5a89f7b7a3456c6c7d88e305661-1ab9add|https://photos.encuentra24.com/t_or_fh_l/f_auto/v1/cr/31/96/97/76/31969776_c925f5a89f7b7a3456c6c7d88e305661-8d20d63|https://photos.encuentra24.com/t_or_fh_l/f_auto/v1/cr/31/96/97/76/31969776_c925f5a89f7b7a3456c6c7d88e305661-78a544d|https://photos.encuentra24.com/t_or_fh_l/f_auto/v1/cr/31/96/97/76/31969776_c925f5a89f7b7a3456c6c7d88e305661-0b66bf6|https://photos.encuentra24.com/t_or_fh_l/f_auto/v1/cr/31/96/97/76/31969776_c925f5a89f7b7a3456c6c7d88e305661-01a71f8|https://photos.encuentra24.com/t_or_fh_l/f_auto/v1/cr/31/96/97/76/31969776_c925f5a89f7b7a3456c6c7d88e305661-ecf79c7|https://photos.encuentra24.com/t_or_fh_l/f_auto/v1/cr/31/96/97/76/31969776_c925f5a89f7b7a3456c6c7d88e305661-6883673|https://photos.encuentra24.com/t_or_fh_l/f_auto/v1/cr/31/96/97/76/31969776_c925f5a89f7b7a3456c6c7d88e305661-e91e725|https://photos.encuentra24.com/t_or_fh_l/f_auto/v1/cr/31/96/97/76/31969776_c925f5a89f7b7a3456c6c7d88e305661-8d8826b|https://photos.encuentra24.com/t_or_fh_l/f_auto/v1/cr/31/96/97/76/31969776_c925f5a89f7b7a3456c6c7d88e305661-a2b4c79|https://photos.encuentra24.com/t_or_fh_l/f_auto/v1/cr/31/96/97/76/31969776_c925f5a89f7b7a3456c6c7d88e305661-b19a37b|https://photos.encuentra24.com/t_or_fh_l/f_auto/v1/cr/31/96/97/76/31969776_c925f5a89f7b7a3456c6c7d88e305661-9e7db42|https://photos.encuentra24.com/t_or_fh_l/f_auto/v1/cr/31/96/97/76/31969776_c925f5a89f7b7a3456c6c7d88e305661-1decb15|https://photos.encuentra24.com/t_or_fh_l/f_auto/v1/cr/31/96/97/76/31969776_c925f5a89f7b7a3456c6c7d88e305661-0e7d0c1|https://photos.encuentra24.com/t_or_fh_l/f_auto/v1/cr/31/96/97/76/31969776_c925f5a89f7b7a3456c6c7d88e305661-5411e9a|https://photos.encuentra24.com/t_or_fh_l/f_auto/v1/cr/31/96/97/76/31969776_c925f5a89f7b7a3456c6c7d88e305661-76b6a0b|https://photos.encuentra24.com/t_or_fh_l/f_auto/v1/cr/31/96/97/76/31969776_c925f5a89f7b7a3456c6c7d88e305661-4f43c9d|https://photos.encuentra24.com/t_or_fh_l/f_auto/v1/cr/31/96/97/76/31969776_c925f5a89f7b7a3456c6c7d88e305661-8eff83d|https://photos.encuentra24.com/t_or_fh_l/f_auto/v1/cr/31/96/97/76/31969776_c925f5a89f7b7a3456c6c7d88e305661-f6f2452","Escazú- Moderna - Elegante - Ubicación Premium - Vista y jardín - Privacidad","Esta elegante y espectacular casa de tres niveles en Condominio privado, con una vista privilegiada hacia valle de la ciudad y estratégicamente ubicada en la mejor zona de Jaboncillos en Escazú, es una inversión definitivamente segura, tanto para vivir como para invertir con confianza para el futuro . Moderna y confortable, es la casa indicada para disfrutar por muchos años. Le invitamos a coordinar una visita y estamos seguros que será la elegida en su lista de búsqueda de propiedades. Es un Condominio con pocas unidades, familiar, privado e integrado por una selecta comunidad de vecinos. La imponente vista del área social invita a relajarse y quedarse para disfrutar del agradable clima de montaña que caracteriza a la zona de Escazú . La casa es de arquitectura moderna en su interior, con pisos de mármol decorados a mano en algunas áreas y de fina madera pulida en otras. En tres niveles de cortas escaleras, la casa se divide en áreas y esto la hace cálida e independiente, separando los ambientes social, familiar y del servicio. Un bello diseño que la hace muy particular y única. Detalles de los tres niveles: Al entrar un imponente Hall de doble altura recibe al visitante y que divide la casa en dos alas, desde donde se visualizan los tres niveles de cortas escaleras. Un nivel lateral izquierdo sube hacia las habitaciones y la sala familiar. Un nivel central, baja hacia un hall central que es el protagonista del diseño, que conecta la sala con vista hacia el jardín y el valle, el comedor, la biblioteca y la terraza techada con el hermoso jardín. La sala y comedor tienen altos ventanales que permiten traslucir el impecable jardín. La biblioteca u oficina es de agradables dimensiones. En el nivel de entrada de la casa, sin obligarse a bajar escaleras, se encuentra una habitación con baño privado y vista hacia el jardín, el baño de visitas, el área de lavandería y el dormitorio de servicio con baño privado. La media escalera lateral derecha dirige hacia la cocina. Es espaciosa y acogedora, por su medio techo de cristales con vigas de madera y equipada con electrodomésticos de primera línea marca Biking. Contiguo a la cocina, hay buen espacio para un comedor de uso diario privado. La cocina es independiente junto con el pequeño comedor de diario, y se encuentran en el mismo nivel de la sala, comedor principal, biblioteca y terraza. Desde todas estas áreas se puede disfrutar de la vista o del jardín. Toda la casa tiene aire acondicionado central. Detalles de la propiedad: - Imponente Hall de entrada doble altura - Sala y comedor con vista hacia el jardín y el valle - Baño de visitas - Biblioteca con ala familiar para TV. Puede ser oficina o acondicionarse para una cuarta habitación porque cuenta con baño completo y closet - Cocina independiente con sobres de mármol, electrodomésticos marca Biking y comedor independiente para uso diario - Espaciosa habitación principal, con vista, amplio walk-in closet con mobiliario en fina madera, baño con dos lavatorios, inodoro y bidé, ducha, jacuzzi, mas gym privado u oficina. - Tres habitaciones secundarias cada una con baño privado y closets de madera - Terraza cubierta que se une al jardín - Aire acondicionado central - Area de lavandería con lavadora y secadora - Dormitorio de servicio con baño - Parqueo bajo techos para dos carros. Capacidad para ocho carros si techar. Entrada con Drive in - Bodega En condominio cuenta bellas amenidades que podrá disfrutar: - Piscina recreativa - Casa Club - Cancha de tenis - Zona de juegos para niños - Seguridad 24/7 En las cercanías podrá encontrar: Ubicada a escasos metros de la zona de mayor plusvalía de Escazú, rodeada de finos y elegantes restaurantes y cafeterías con la mejores propuestas gastronómicas, bancos, farmacias, colegios, estaciones de servicios, iglesias, consultorios médicos. Accesible a los Centros Comerciales Multiplaza, Distrito Cuatro, Hospital Cima, Plaza Tempo y Avenida Escazú. Todos los negocios para alimentos en la zona como supermercados Mas x Menos y Automercado y super de conveniencia Fresh Market y Pricesmart.","3","3.5","10","2003","572"
"San Jose","Escazú","San Rafael","house","290","","","","","","32500010","50764261804","https://photos.encuentra24.com/t_or_fh_l/f_auto/v1/cr/30/68/02/03/30680203_4bd519|https://photos.encuentra24.com/t_or_fh_l/f_auto/v1/cr/30/68/02/03/30680203_412467|https://photos.encuentra24.com/t_or_fh_l/f_auto/v1/cr/30/68/02/03/30680203_f00a82|https://photos.encuentra24.com/t_or_fh_l/f_auto/v1/cr/30/68/02/03/30680203_404725|https://photos.encuentra24.com/t_or_fh_l/f_auto/v1/cr/30/68/02/03/30680203_d79360|https://photos.encuentra24.com/t_or_fh_l/f_auto/v1/cr/30/68/02/03/30680203_eb73b4|https://photos.encuentra24.com/t_or_fh_l/f_auto/v1/cr/30/68/02/03/30680203_117841|https://photos.encuentra24.com/t_or_fh_l/f_auto/v1/cr/30/68/02/03/30680203_66b0d4|https://photos.encuentra24.com/t_or_fh_l/f_auto/v1/cr/30/68/02/03/30680203_7c54bc|https://photos.encuentra24.com/t_or_fh_l/f_auto/v1/cr/30/68/02/03/30680203_effc0b|https://photos.encuentra24.com/t_or_fh_l/f_auto/v1/cr/30/68/02/03/30680203_6f43bc|https://photos.encuentra24.com/t_or_fh_l/f_auto/v1/cr/30/68/02/03/30680203_6f93a1|https://photos.encuentra24.com/t_or_fh_l/f_auto/v1/cr/30/68/02/03/30680203_afd992|https://photos.encuentra24.com/t_or_fh_l/f_auto/v1/cr/30/68/02/03/30680203_802040|https://photos.encuentra24.com/t_or_fh_l/f_auto/v1/cr/30/68/02/03/30680203_f4ee35|https://photos.encuentra24.com/t_or_fh_l/f_auto/v1/cr/30/68/02/03/30680203_0e51d0|https://photos.encuentra24.com/t_or_fh_l/f_auto/v1/cr/30/68/02/03/30680203_f98743|https://photos.encuentra24.com/t_or_fh_l/f_auto/v1/cr/30/68/02/03/30680203_d4966e|https://photos.encuentra24.com/t_or_fh_l/f_auto/v1/cr/30/68/02/03/30680203_3b9020|https://photos.encuentra24.com/t_or_fh_l/f_auto/v1/cr/30/68/02/03/30680203_810ed5","San Rafael de Escazú - 1 level - Large spaces - 3 bedrooms + TV room - Garden","Single-level house with an unbeatable location in San Rafael de Escazú, just 3 minutes from La Paco! Discover this spacious and comfortable home, spread over a single level, with a prime location in one of the most exclusive areas of western San José. Located in San Rafael de Escazú, just 3 minutes from La Paco, this property offers a peaceful and convenient lifestyle, with quick access to restaurants, supermarkets, pharmacies, veterinarians, convenience stores, shopping centers, among others, not to mention its easy connection to the main roads that connect to neighboring cantons. Built in 2003 and remodeled in 2025, this single-story home is distinguished by its spaciousness, excellent layout, and generous natural light thanks to its design. Main features: - It has 3 spacious rooms, all with views of the internal garden. - The master bedroom with walk-in closet and private bathroom. - The 2 secondary bedrooms have spacious closets and share a full bathroom. - Spacious main room, ideal for sharing special moments with family and friends. - Cozy TV room for family enjoyment. - Large dining room with access to the terrace and garden - Kitchen with white quartz countertops and excellent storage space. - Partially covered terrace with garden view: perfect for sharing with family and friends. - Functional service area with bedroom, full bathroom, and separate laundry space for washer and dryer. The construction is solid and of high quality, ideal for those looking for a move-in ready home with a functional design adapted to today's lifestyle. Don't miss this opportunity to live in one of the most desirable areas of Escazú, in a house that has it all: location, comfort, and tranquility.","3","2.5","3","2003","265"
"San Jose","Escazú","San Rafael","house","Ask the seller","","","","","","25900010","50764261804","https://photos.encuentra24.com/t_or_fh_l/f_auto/v1/cr/31/15/81/73/31158173_27299d7|https://photos.encuentra24.com/t_or_fh_l/f_auto/v1/cr/31/15/81/73/31158173_4061e8f|https://photos.encuentra24.com/t_or_fh_l/f_auto/v1/cr/31/15/81/73/31158173_42f15cb|https://photos.encuentra24.com/t_or_fh_l/f_auto/v1/cr/31/15/81/73/31158173_e25f0e7|https://photos.encuentra24.com/t_or_fh_l/f_auto/v1/cr/31/15/81/73/31158173_cec7d2|https://photos.encuentra24.com/t_or_fh_l/f_auto/v1/cr/31/15/81/73/31158173_045f55d|https://photos.encuentra24.com/t_or_fh_l/f_auto/v1/cr/31/15/81/73/31158173_e6615c3|https://photos.encuentra24.com/t_or_fh_l/f_auto/v1/cr/31/15/81/73/31158173_52888ca|https://photos.encuentra24.com/t_or_fh_l/f_auto/v1/cr/31/15/81/73/31158173_42466e1|https://photos.encuentra24.com/t_or_fh_l/f_auto/v1/cr/31/15/81/73/31158173_47da5a5|https://photos.encuentra24.com/t_or_fh_l/f_auto/v1/cr/31/15/81/73/31158173_477bb9f|https://photos.encuentra24.com/t_or_fh_l/f_auto/v1/cr/31/15/81/73/31158173_35fcb28|https://photos.encuentra24.com/t_or_fh_l/f_auto/v1/cr/31/15/81/73/31158173_b7e4e42|https://photos.encuentra24.com/t_or_fh_l/f_auto/v1/cr/31/15/81/73/31158173_fd4b16f|https://photos.encuentra24.com/t_or_fh_l/f_auto/v1/cr/31/15/81/73/31158173_77bdd94|https://photos.encuentra24.com/t_or_fh_l/f_auto/v1/cr/31/15/81/73/31158173_707ae54|https://photos.encuentra24.com/t_or_fh_l/f_auto/v1/cr/31/15/81/73/31158173_3639b4b","Casa en Condominio - 4 Habitaciones+3.5 Baños - Aldea Los Laureles, Escazú","Amplia Casa de 3 Habitaciones (+1 Cuarto de Servicio con Baño Completo) en Exclusivo Condominio Aldea Los Laureles, Escazú Viva con elegancia en una de las comunidades cerradas más exclusivas de Escazú. En venta, también se puede alquilar con opcion de compra o alquilar a largo plazo. PRECIO REBAJADO Esta encantadora residencia de dos plantas ofrece el equilibrio ideal entre comodidad, amplitud y seguridad, perfecta para familias o como inversión de alto valor. Características de la Propiedad: 3 Habitaciones – Incluye dormitorio principal con walk-in closet y baño privado 2.5 Baños – Acabados modernos y espacios de almacenamiento Áreas Sociales Amplias – Sala y comedor integrados con excelente iluminación natural Cocina Funcional – Mobiliario de calidad y distribución práctica Parqueo para 2 Vehículos – Seguro y de fácil acceso Terraza/Patio Privado – Ideal para reuniones o relajarse al aire libre Construcción: 286 m² Beneficios del Condominio: Seguridad 24/7 con control de acceso Áreas verdes y jardines bien cuidados Ubicación privilegiada, a poca distancia de comercios, restaurantes y colegios internacionales Fácil acceso a Ruta 27 y centros comerciales de Escazú Ubicación: Condominio Aldea Los Laureles, Escazú, San José, Costa Rica Esta propiedad combina ubicación, estilo de vida y potencial de inversión en uno de los vecindarios más codiciados del Gran Área Metropolitana. Contáctenos hoy para agendar una visita y conocer todo lo que esta casa tiene para ofrecer.","4","3.5","2","","286"
"San Jose","Escazú","San Rafael","house","846","","","","","","7700004","50764261804","https://photos.encuentra24.com/t_or_fh_l/f_auto/v1/cr/30/83/81/05/30838105_e40c6b1|https://photos.encuentra24.com/t_or_fh_l/f_auto/v1/cr/30/83/81/05/30838105_74bb3d3|https://photos.encuentra24.com/t_or_fh_l/f_auto/v1/cr/30/83/81/05/30838105_5ae6720|https://photos.encuentra24.com/t_or_fh_l/f_auto/v1/cr/30/83/81/05/30838105_abd5f5c|https://photos.encuentra24.com/t_or_fh_l/f_auto/v1/cr/30/83/81/05/30838105_db4c39e|https://photos.encuentra24.com/t_or_fh_l/f_auto/v1/cr/30/83/81/05/30838105_e52e6a9|https://photos.encuentra24.com/t_or_fh_l/f_auto/v1/cr/30/83/81/05/30838105_881876a|https://photos.encuentra24.com/t_or_fh_l/f_auto/v1/cr/30/83/81/05/30838105_7489669|https://photos.encuentra24.com/t_or_fh_l/f_auto/v1/cr/30/83/81/05/30838105_07eaa62|https://photos.encuentra24.com/t_or_fh_l/f_auto/v1/cr/30/83/81/05/30838105_fa6301c|https://photos.encuentra24.com/t_or_fh_l/f_auto/v1/cr/30/83/81/05/30838105_ed0d95e|https://photos.encuentra24.com/t_or_fh_l/f_auto/v1/cr/30/83/81/05/30838105_944aa61|https://photos.encuentra24.com/t_or_fh_l/f_auto/v1/cr/30/83/81/05/30838105_b051f83|https://photos.encuentra24.com/t_or_fh_l/f_auto/v1/cr/30/83/81/05/30838105_d300732|https://photos.encuentra24.com/t_or_fh_l/f_auto/v1/cr/30/83/81/05/30838105_317d3a9|https://photos.encuentra24.com/t_or_fh_l/f_auto/v1/cr/30/83/81/05/30838105_2d91bca|https://photos.encuentra24.com/t_or_fh_l/f_auto/v1/cr/30/83/81/05/30838105_e7d6285|https://photos.encuentra24.com/t_or_fh_l/f_auto/v1/cr/30/83/81/05/30838105_bf44905","Escazú - Moderna - 3 niveles - Elevador - Piscina Propia - Vista","¿Ha buscado una casa moderna de cuatro dormitorios, piscina de imponente y vista? ¡No deje pasar esta oportunidad! Le ofrecemos esta moderna y espaciosa Casa en Condominio de cuatro habitaciones más baño privado para cada dormitorio, con piscina para nadar, en una de las zonas más privilegiadas de la ciudad, y con una espectacular vista al Valle Central desde su roof terrace. La casa consta de tres niveles, con la particularidad que cuenta con un ascensor que va desde planta baja hasta el tercer nivel lo que resulta una perfecta ventaja, para algún integrante de la familia que este impedido de utilizar las escaleras. Primera planta: En la primera planta nos recibe un amplio vestíbulo de entrada, sala y comedor de excelentes dimensiones, más una cómoda cocina integrada al área social o que podría aislarse por puertas corredizas de vidrio samblasteado para hacerla más privada. La terraza techada mira hacia un jardín vertical y la piscina con su carril de nado. El Condominio no cuenta con piscina. Segunda planta: En este segundo nivel se encuentran tres habitaciones. El dormitorio principal de excelentes dimensiones, pisos de madera, con walk-in closet, baño con jacuzzi, ducha y sanitario privados, closets adicionales y para lencería. Dos habitaciones secundarias con pisos de madera, cada una con propio walk-in closet y baño con ducha y lavatorio. Una de las salas familiares se encuentra en este nivel. Tercera planta: Este último nivel cuenta con un cuarto dormitorio con pisos de madera, espacioso baño con closets a lo ancho de la pared, sanitario y ducha privados más dos lavatorios. Luego encontramos una espaciosa área con bar que podría utilizarse como oficina, sala de reuniones o de juego, la que se comunica con una gran terraza al aire libre, desde donde se puede apreciar la hermosa vista de la ciudad en las hermosas mañanas como los bellos atardeceres e iluminadas noches. Inventario: - Una (1) habitación principal de excelentes dimensiones con aire acondicionado, amplio walk-in closet, baño con ducha, jacuzzi, (2, 1) lavatorios, closets adicionales y closet para lencería. - Dos (2) habitaciones secundarias, cada una con walk-in closet y su baño privado con ducha y lavatorio. Una tercera habitación familiar o de huéspedes con baño, ducha y sanitario privados más closets. - Dos (2) salas familiares - Sala estilo moderno más baño para visitas - Comedor - Cocina equipada con electrodomésticos (refrigeradora, plantilla y extractor, horno y microondas empotrados más lavadora de platos, cafetera empotrada), con sobres de cuarzo - Terraza techada - Piscina con carril de nado - Jardín vertical - Elevador - Área de lavado con lavadora y secadora - Cuarto de servicio con su baño - Espacio para oficina o cuarto de juegos o para almacenamiento. - Cinco (5) espacios de estacionamiento, tres (3) bajo techo y dos sin techar - Espacio de almacenamiento (Bodega) Amenidades del Condominio: - Casa Club - Play ground -Seguridad 24/7 Servicios: - A pocos mts del Centro Comercial Paco con restaurantes y cafeterías de excelentes propuestas gastronómicas, finas tiendas, diversidad de negocios y servicios, tales como bancos, farmacias, peluquerías, gimnasios y otros. - En el área podrá encontrar supermercado Automercado, Mas x Menos y para conveniencia Fresh Market. - Cercano a: Centro Comercial Distrito Cuatro, Multiplaza, Plaza Tempo y Avenida Escazú. - Hospital Cima y Hoteles Intercontinental, AC Marriott, Sheraton, Wyndham Garden y otros. - Colegios de la zona: Blue Valley, St. Mary, Montview, International Royal School, West College y otros.","4","4.5","5","2010","540"
"San Jose","Escazú","San Rafael","condo","380","","","","","","980000","50764261804","https://photos.encuentra24.com/t_or_fh_l/f_auto/v1/cr/32/41/13/79/32411379_d3152da80a5984602d6b31e5c596e70d-5dfd651|https://photos.encuentra24.com/t_or_fh_l/f_auto/v1/cr/32/41/13/79/32411379_d3152da80a5984602d6b31e5c596e70d-f048ddd|https://photos.encuentra24.com/t_or_fh_l/f_auto/v1/cr/32/41/13/79/32411379_d3152da80a5984602d6b31e5c596e70d-afcea51|https://photos.encuentra24.com/t_or_fh_l/f_auto/v1/cr/32/41/13/79/32411379_d3152da80a5984602d6b31e5c596e70d-660d06a|https://photos.encuentra24.com/t_or_fh_l/f_auto/v1/cr/32/41/13/79/32411379_d3152da80a5984602d6b31e5c596e70d-a5b88c4|https://photos.encuentra24.com/t_or_fh_l/f_auto/v1/cr/32/41/13/79/32411379_d3152da80a5984602d6b31e5c596e70d-c30c07b|https://photos.encuentra24.com/t_or_fh_l/f_auto/v1/cr/32/41/13/79/32411379_d3152da80a5984602d6b31e5c596e70d-e26232d|https://photos.encuentra24.com/t_or_fh_l/f_auto/v1/cr/32/41/13/79/32411379_d3152da80a5984602d6b31e5c596e70d-608ffa6|https://photos.encuentra24.com/t_or_fh_l/f_auto/v1/cr/32/41/13/79/32411379_d3152da80a5984602d6b31e5c596e70d-4dbdb90|https://photos.encuentra24.com/t_or_fh_l/f_auto/v1/cr/32/41/13/79/32411379_d3152da80a5984602d6b31e5c596e70d-27eb25c|https://photos.encuentra24.com/t_or_fh_l/f_auto/v1/cr/32/41/13/79/32411379_d3152da80a5984602d6b31e5c596e70d-7799853|https://photos.encuentra24.com/t_or_fh_l/f_auto/v1/cr/32/41/13/79/32411379_d3152da80a5984602d6b31e5c596e70d-6bb8ec1|https://photos.encuentra24.com/t_or_fh_l/f_auto/v1/cr/32/41/13/79/32411379_d3152da80a5984602d6b31e5c596e70d-1d9f56f|https://photos.encuentra24.com/t_or_fh_l/f_auto/v1/cr/32/41/13/79/32411379_d3152da80a5984602d6b31e5c596e70d-38a0293|https://photos.encuentra24.com/t_or_fh_l/f_auto/v1/cr/32/41/13/79/32411379_d3152da80a5984602d6b31e5c596e70d-5b35516|https://photos.encuentra24.com/t_or_fh_l/f_auto/v1/cr/32/41/13/79/32411379_d3152da80a5984602d6b31e5c596e70d-b77cecf|https://photos.encuentra24.com/t_or_fh_l/f_auto/v1/cr/32/41/13/79/32411379_d3152da80a5984602d6b31e5c596e70d-7b2494d|https://photos.encuentra24.com/t_or_fh_l/f_auto/v1/cr/32/41/13/79/32411379_d3152da80a5984602d6b31e5c596e70d-3c0dc8e|https://photos.encuentra24.com/t_or_fh_l/f_auto/v1/cr/32/41/13/79/32411379_d3152da80a5984602d6b31e5c596e70d-9042530","Penthouse for sale in San Rafael de Escazú","Elevate your lifestyle to the next level in this exclusive penthouse located in one of the most privileged areas of Escazú. With a perfect combination of design, spaciousness, and strategic location, this property is designed for those seeking comfort, privacy, and proximity to everything. Features: • 380 m² of construction / 327 m² of living space • 3 bedrooms – the primary suite features a walk-in closet and private terrace • Modern and spacious kitchen seamlessly integrated with the social areas • Living and dining room with spectacular views and access to the balcony • Mezzanine that can be used as an office, TV room, or additional bedroom • Internal courtyard • Service room with independent bathroom • Storage room • 4.5 bathrooms • Elevator with direct access to the penthouse • Excellent finishes and layout Condominium Amenities: • Swimming pool • Gym • Event room • Co-working space Strategic Location – close to everything: • Multiplaza Escazú • Avenida Escazú • Hospital CIMA • Plaza Tempo • Auto Mercado and convenience stores • Restaurants, cafés, and corporate centers • Easy access to Route 27 Experience a home that combines exclusivity, comfort, and an unbeatable location in the heart of Escazú. Contact me for more information or to schedule your visit.","3","3.5","2","2006","327"
"San Jose","Escazú","San Rafael","house","1444","","","","","","4250008","50764261804","https://photos.encuentra24.com/t_or_fh_l/f_auto/v1/cr/32/41/90/01/32419001_d1c1280|https://photos.encuentra24.com/t_or_fh_l/f_auto/v1/cr/32/41/90/01/32419001_8368372|https://photos.encuentra24.com/t_or_fh_l/f_auto/v1/cr/32/41/90/01/32419001_488d596|https://photos.encuentra24.com/t_or_fh_l/f_auto/v1/cr/32/41/90/01/32419001_20a64ea|https://photos.encuentra24.com/t_or_fh_l/f_auto/v1/cr/32/41/90/01/32419001_2a26b8b|https://photos.encuentra24.com/t_or_fh_l/f_auto/v1/cr/32/41/90/01/32419001_23e206b|https://photos.encuentra24.com/t_or_fh_l/f_auto/v1/cr/32/41/90/01/32419001_36d7729|https://photos.encuentra24.com/t_or_fh_l/f_auto/v1/cr/32/41/90/01/32419001_9f56c99|https://photos.encuentra24.com/t_or_fh_l/f_auto/v1/cr/32/41/90/01/32419001_07f05a9|https://photos.encuentra24.com/t_or_fh_l/f_auto/v1/cr/32/41/90/01/32419001_2805b51|https://photos.encuentra24.com/t_or_fh_l/f_auto/v1/cr/32/41/90/01/32419001_506eaf4|https://photos.encuentra24.com/t_or_fh_l/f_auto/v1/cr/32/41/90/01/32419001_4cbcfc4|https://photos.encuentra24.com/t_or_fh_l/f_auto/v1/cr/32/41/90/01/32419001_3f666f6|https://photos.encuentra24.com/t_or_fh_l/f_auto/v1/cr/32/41/90/01/32419001_17aea7c|https://photos.encuentra24.com/t_or_fh_l/f_auto/v1/cr/32/41/90/01/32419001_a6f65d6|https://photos.encuentra24.com/t_or_fh_l/f_auto/v1/cr/32/41/90/01/32419001_18fe060|https://photos.encuentra24.com/t_or_fh_l/f_auto/v1/cr/32/41/90/01/32419001_b08614f|https://photos.encuentra24.com/t_or_fh_l/f_auto/v1/cr/32/41/90/01/32419001_b06bd27|https://photos.encuentra24.com/t_or_fh_l/f_auto/v1/cr/32/41/90/01/32419001_ce7b0da|https://photos.encuentra24.com/t_or_fh_l/f_auto/v1/cr/32/41/90/01/32419001_b49e924","Single-Story Home in Bello Horizonte, Escazú, San Rafael","Beautiful single-story home with panoramic views, a spacious lot, and a strategic location in Bello Horizonte, Escazú, very close to Hospital Cima, Escazú Village, Walmart, Auto Mercado, and the area's main shopping centers. An ideal option for those seeking comfort, spaciousness, and proximity to all essential services. Main Features • Spacious foyer, living room, and dining room with access to the terrace. • Kitchen with island, wooden cabinetry, and granite countertops. • Terrace with bar, BBQ area, and ample space for family gatherings. • Office with built-in wooden furniture. • Guest bathroom. • Three bedrooms, including a primary bedroom with a large bathroom and private terrace. • Two secondary bedrooms that share a bathroom. • Laundry room, storage room, and service quarters with bathroom. • Garage for 4 vehicles, with additional outdoor space for 4 more. Security and Equipment The property features a security booth, intercom system, and a double-leaf electric swing gate. It also includes a backup power generator, a potable water storage tank with pump, a gas system for the kitchen, and a hot water tank, providing autonomy and support in the event of public utility service interruptions. Property Details Lot: 1,444 m² Construction: 350 m² of living space, plus 228 m² of complementary structures. 2018 Appraisal: $672,000.00 Current Asking Price: $425,000.00 (special offer)","3","3","6","1988","350"
"San Jose","Escazú","San Rafael","","","","","","","","585000","50764261804","https://photos.encuentra24.com/t_or_fh_l/f_auto/v1/cr/32/42/77/17/32427717_036284c|https://photos.encuentra24.com/t_or_fh_l/f_auto/v1/cr/32/42/77/17/32427717_4d180c0|https://photos.encuentra24.com/t_or_fh_l/f_auto/v1/cr/32/42/77/17/32427717_d973287|https://photos.encuentra24.com/t_or_fh_l/f_auto/v1/cr/32/42/77/17/32427717_d338aa2|https://photos.encuentra24.com/t_or_fh_l/f_auto/v1/cr/32/42/77/17/32427717_c9a6388|https://photos.encuentra24.com/t_or_fh_l/f_auto/v1/cr/32/42/77/17/32427717_1880d22|https://photos.encuentra24.com/t_or_fh_l/f_auto/v1/cr/32/42/77/17/32427717_93d5270|https://photos.encuentra24.com/t_or_fh_l/f_auto/v1/cr/32/42/77/17/32427717_040b010|https://photos.encuentra24.com/t_or_fh_l/f_auto/v1/cr/32/42/77/17/32427717_a7a9cc3|https://photos.encuentra24.com/t_or_fh_l/f_auto/v1/cr/32/42/77/17/32427717_7ed6bfb|https://photos.encuentra24.com/t_or_fh_l/f_auto/v1/cr/32/42/77/17/32427717_d263569|https://photos.encuentra24.com/t_or_fh_l/f_auto/v1/cr/32/42/77/17/32427717_25afc7d","PROPIEDAD PARA INVERSIÓN EN VENTA ESCAZU","Propiedad independiente con ubicación privilegiada en San Rafael de Escazú, zona muy cotizada por su comodidad y cercanía a toda la variedad de comercios y servicios que brinda su entorno. Además con acceso fácil y rápido a calles principales y autopista. Esta propiedad tiene uso de suelo mixto y además es esquinera por tanto tiene buena exposición comercial y buen aprovechamiento del terreno para proyecto habitacional. Características: Área total: 890m2 (2 lotes) Frente: 41.6 m Fondo: 40 m Existe actualmente una construcción aproximada de 650 m². Una casa y un apartamento. Características generales de la construcción: •6 habitaciones •6 baños completos •3 medios baños •Parqueo para aproximadamente 10 vehículos •Piscina (requiere reparación) •Cuarto de servicio independiente En referencia a la propiedad tiene más de 20 años de construcción y requiere remodelación. Ideal para desarrollo de apartamentos, hostel, oficinas, consultorios, y más comercios aprobados por la municipalidad en esta magnífica propiedad. Precio de venta: $585.000","","6","10","",""