province,canton,district,property_type,property_area,utility,environment,accessibility,terrain,legal_status,price_millions,monthly_price,whatsapp,images,title,description,bedrooms,bathrooms,parking,year_built_range,construction_area,transaction_type,listing_status,currency,source_url
"San José","Santa Ana","Río Oro","Condo","","","Gated Community","","","","","550000","","https://photos.encuentra24.com/t_or_fh_m/f_auto/v1/cr/28/39/63/41/28396341_604c4b|https://photos.encuentra24.com/t_or_fh_m/f_auto/v1/cr/32/49/66/40/32496640_961f3fc6da42c2b95592995da32fb074-f4c6253|https://photos.encuentra24.com/t_or_fh_m/f_auto/v1/cr/31/12/10/20/31121020_c1c90a|https://photos.encuentra24.com/t_or_fh_m/f_auto/v1/cr/25/45/72/89/25457289_28b3f1|https://photos.encuentra24.com/t_or_fh_m/f_auto/v1/cr/30/44/35/38/30443538_e87d1d|https://photos.encuentra24.com/t_or_fh_m/f_auto/v1/cr/32/39/88/06/32398806_0b56124f73eaabc731cdb01f4c06b179-839fd86|https://photos.encuentra24.com/t_or_fh_m/f_auto/v1/cr/32/47/95/36/32479536_ad80d23|https://photos.encuentra24.com/t_or_fh_m/f_auto/v1/cr/32/52/33/91/32523391_60d42c336a45f30243fe0a721451c308-a8c5136|https://photos.encuentra24.com/t_or_fh_m/f_auto/v1/cr/32/45/51/04/32455104_6960866|https://photos.encuentra24.com/t_or_fh_m/f_auto/v1/cr/32/29/63/84/32296384_14f3c56d999bb6807aae56fd6a78cdfe-27c39e3|https://photos.encuentra24.com/t_or_fh_m/f_auto/v1/cr/32/53/09/32/32530932_5802795c39ed478bbb251ea321f5b2ec-e01e051|https://photos.encuentra24.com/t_or_fh_m/f_auto/v1/cr/32/53/79/50/32537950_488b916c4a2bf3964e253de75449c046-9e71f44|https://photos.encuentra24.com/t_or_fh_m/f_auto/v1/cr/31/48/34/02/31483402_662be56|https://photos.encuentra24.com/t_or_fh_m/f_auto/v1/cr/32/43/31/36/32433136_32a6f65","Casa en Alquiler en Río Oro, Santa Ana en Condominio con Acceso a Piscina, Gimnasio y Más","Disfruta de la tranquilidad y comodidad de vivir en un moderno condominio en Río Oro de Santa Ana, una ubicación ideal para quienes buscan calidad de vida y acceso a espacios diseñados para el bienestar de toda la familia. <br /> <br /> La propiedad cuenta con dos habitaciones, áreas sociales integradas para aprovechar mejor cada espacio, patio privado y capacidad para dos vehículos. Su distribución funcional la convierte en una excelente opción para quienes desean un hogar cómodo y práctico. <br /> <br /> Además, el condominio ofrece una amplia variedad de amenidades para complementar tu día a día, incluyendo piscina, gimnasio, coworking, restaurante, salón para actividades, rancho BBQ, área de juegos infantiles, cancha de fútbol 5 y parque para mascotas. Todo esto respaldado por seguridad 24/7 para tu mayor tranquilidad. <br /> <br /> Una excelente oportunidad para disfrutar de un entorno seguro, con amenidades de primer nivel y la comodidad de vivir en una de las zonas más atractivas de Santa Ana.","","","","","","rent","active","CRC","https://www.encuentra24.com/costa-rica-es/bienes-raices-alquiler-casas/casa-en-alquiler-en-rio-oro-santa-ana-en-condominio-con-acceso-a-piscina-gimnasio-y-mas/32259221"
"Heredia","Heredia","San Francisco","Condo","","","Gated Community","2WD Accessible","Steep Slope","","","1650","","https://photos.encuentra24.com/t_or_fh_m/f_auto/v1/cr/32/13/38/13/32133813_88e1746b387e714201a3fb50e36b5733-c34273e|https://photos.encuentra24.com/t_or_fh_m/f_auto/v1/cr/32/54/55/12/32545512_7ec8e6d|https://photos.encuentra24.com/t_or_fh_m/f_auto/v1/cr/32/35/16/02/32351602_6ffe6f52b4e77e5e5d2934739c5599ce-1775583|https://photos.encuentra24.com/t_or_fh_m/f_auto/v1/cr/32/53/65/38/32536538_87d9666eb87dc131f89e828517b8be64-1bc3602|https://photos.encuentra24.com/t_or_fh_m/f_auto/v1/cr/32/50/93/98/32509398_89a56355385f829eb0c9bdcea75d75d5-7727315|https://photos.encuentra24.com/t_or_fh_m/f_auto/v1/cr/29/71/84/08/29718408_726524|https://photos.encuentra24.com/t_or_fh_m/f_auto/v1/cr/32/34/55/97/32345597_248d50c37a10e572ce74da51ce7f6a09-66e39d7|https://photos.encuentra24.com/t_or_fh_m/f_auto/v1/cr/32/50/43/47/32504347_ad4d4bf17e6027480ea724c3c2712839-1034f18|https://photos.encuentra24.com/t_or_fh_m/f_auto/v1/cr/32/41/08/93/32410893_33f3aea|https://photos.encuentra24.com/t_or_fh_m/f_auto/v1/cr/32/45/82/10/32458210_7ce01b22b8ec41c31784ce9e7349a4a5-5989380|https://photos.encuentra24.com/t_or_fh_m/f_auto/v1/cr/29/16/15/20/29161520_6c9c7e|https://photos.encuentra24.com/t_or_fh_m/f_auto/v1/cr/32/25/76/57/32257657_924fb86|https://photos.encuentra24.com/t_or_fh_m/f_auto/v1/cr/32/26/28/11/32262811_b4db97d|https://photos.encuentra24.com/t_or_fh_m/f_auto/v1/cr/29/78/80/70/29788070_aec103","Casa en alquiler San Francisco Heredia Condominio Bosques de Altamira","Amplia casa en condominio seguro y familiar, ideal para familias o ejecutivos que trabajan en zonas francas de Heredia. <br /> <br /> 3 habitaciones <br /> 2.5 baños <br /> Parqueo para 2 vehículos <br /> Sala y comedor amplios <br /> Cocina con muebles en madera y sobres en granito <br /> Terraza grande <br /> Patio trasero con fontana <br /> Sala de TV <br /> Área de lavado independiente <br /> Habitación principal con walk-in closet, baño privado con tina y balcón <br /> <br /> *No se aceptan mascotas | No Fumadores <br /> <br /> <br /> El condominio cuenta con rancho y playground. <br /> Excelente ubicación cerca de Mall Oxígeno, Walmart, Automercado, colegios y zonas francas. <br /> <br /> Fácil acceso a Heredia, San José, Alajuela y 15 minutos del aeropuerto. <br /> <br /> Condominio tranquilo, seguro y muy familiar. <br /> <br /> No se aceptan mascotas.","","","","","","rent","active","USD","https://www.encuentra24.com/costa-rica-es/bienes-raices-alquiler-casas/casa-en-alquiler-san-francisco-heredia-condominio-bosques-de-altamira/31892293"
"San José","Escazú","Escazú","Condo","","","Urban","","Steep Slope","","","2500","","https://photos.encuentra24.com/t_or_fh_m/f_auto/v1/cr/32/54/58/08/32545808_65efc36ed88b39da99bb38998bfe872e-178e680|https://photos.encuentra24.com/t_or_fh_m/f_auto/v1/cr/32/24/13/28/32241328_bb52e47f4b8d6e4a9750359fbb2c3eb2-a0db48d|https://photos.encuentra24.com/t_or_fh_m/f_auto/v1/cr/31/53/77/98/31537798_a005de|https://photos.encuentra24.com/t_or_fh_m/f_auto/v1/cr/30/97/07/68/30970768_cf245f|https://photos.encuentra24.com/t_or_fh_m/f_auto/v1/cr/29/61/90/28/29619028_02bf47|https://photos.encuentra24.com/t_or_fh_m/f_auto/v1/cr/32/32/48/67/32324867_e605b26b317f683ec03c567b42fdcf98-ecc90a9|https://photos.encuentra24.com/t_or_fh_m/f_auto/v1/cr/32/10/20/87/32102087_1d57e96def92ca88f105af6c0ed69791-d26e6b6|https://photos.encuentra24.com/t_or_fh_m/f_auto/v1/cr/32/41/17/93/32411793_be31cf98c6309b9cda9b03a1154fd037-28b3413|https://photos.encuentra24.com/t_or_fh_m/f_auto/v1/cr/31/83/80/62/31838062_656a8c|https://photos.encuentra24.com/t_or_fh_m/f_auto/v1/cr/32/45/18/10/32451810_d4c539bfbe4c53fde2f2716da4d47309-868ed59|https://photos.encuentra24.com/t_or_fh_m/f_auto/v1/cr/32/35/84/81/32358481_455852fbe91aa80e3e30206265e41d7c-8475e1b|https://photos.encuentra24.com/t_or_fh_m/f_auto/v1/cr/32/35/87/11/32358711_fe2ac2a|https://photos.encuentra24.com/t_or_fh_m/f_auto/v1/cr/32/45/13/51/32451351_1df6665a1b06dcd9f0c4ced6fd7aca69-80400ae|https://photos.encuentra24.com/t_or_fh_m/f_auto/v1/cr/32/45/23/98/32452398_36cdf25","Apartamento en Escazú, Condominio Senderos de Chircá, con Línea Blanca","Condominio con todas las amenidades <br /> Parqueos: 2 espacios (aprox. 25 m²) <br /> Área total aproximada: 223 m² <br /> <br /> Distribución: <br /> Recibidor elegante <br /> Amplia sala-comedor integrada (aprox. 35 m²) <br /> <br /> Cocina de lujo con desayunador y despensa tipo walk-in, línea blanca incluida <br /> <br /> Área de lavado independiente y espaciosa <br /> <br /> Cuarto de servicio con baño completo <br /> <br /> Sala de TV <br /> <br /> Walk-in closet de sábanas <br /> <br /> 2 dormitorios secundarios, ambos con closet y espacio para cama king size; uno cuenta con balcón <br /> <br /> Baño completo para dormitorios secundarios <br /> <br /> Dormitorio principal amplio con balcón, walk-in closet (aprox. 6 m²) y baño principal con doble lavatorio <br /> <br /> Características destacadas: <br /> <br /> Ventanas de seguridad y con aislamiento acústico <br /> <br /> Aire acondicionado en varios aposentos <br /> <br /> Cuota de mantenimiento incluida <br /> <br /> Entorno natural que combina tranquilidad y conveniencia urbana <br /> <br /> A pocos minutos de oficentros, bancos, colegios, restaurantes, Multiplaza, Hospital CIMA y Country Club <br /> <br /> Amenidades del condominio: <br /> <br /> Senderos con vegetación tropical <br /> <br /> Piscina semiolímpica de 18 m (aprox.) con deck <br /> <br /> Área social para eventos <br /> <br /> Zona de co-working <br /> <br /> Gimnasio totalmente equipado <br /> <br /> Rancho BBQ <br /> <br /> Jardín infantil <br /> <br /> Jardín para mascotas <br /> <br /> Seguridad 24/7 <br /> <br /> Política de mascotas: <br /> Se acepta una mascota pequeña (ejemplo: perro salchicha, pomeranian, etc.) <br /> <br /> Precio de alquiler: <br /> <br /> $2500 mensuales con línea blanca <br /> <br /> Apartamento en Condominio Senderos de Chircá – Escazú <br /> <br /> Área total: <br /> <br /> Apartamento: 190 m² (aprox.) <br /> <br /> Bodega: 8 m² (aprox.)","","","","","","rent","active","USD","https://www.encuentra24.com/costa-rica-es/bienes-raices-alquiler-apartamentos/apartamento-en-escazu-condominio-senderos-de-chirca-con-linea-blanca/31602421"
"San José","Santa Ana","Piedades","Condo","","","Gated Community","","","","","1400","","https://photos.encuentra24.com/t_or_fh_m/f_auto/v1/cr/25/24/04/73/25240473_071e06|https://photos.encuentra24.com/t_or_fh_m/f_auto/v1/cr/32/54/73/90/32547390_95e53344c1d96d3370ba472deff79f82-641aa1f|https://photos.encuentra24.com/t_or_fh_m/f_auto/v1/cr/32/31/16/10/32311610_0b6d683510c56a8a54948f1c17d1256b-9e12ab8|https://photos.encuentra24.com/t_or_fh_m/f_auto/v1/cr/32/47/89/49/32478949_f39806b98b7a444aba04dbeb709b36de-6d894f4|https://photos.encuentra24.com/t_or_fh_m/f_auto/v1/cr/32/50/81/59/32508159_6d4a58a|https://photos.encuentra24.com/t_or_fh_m/f_auto/v1/cr/31/42/99/88/31429988_171c1c|https://photos.encuentra24.com/t_or_fh_m/f_auto/v1/cr/32/54/75/15/32547515_f6fd28a0cd7ea4f30a323ceacf49edc8-6e22531|https://photos.encuentra24.com/t_or_fh_m/f_auto/v1/cr/32/19/43/32/32194332_39b06a6a1d8f47dad43cd4ebce6e4f53-1774bff|https://photos.encuentra24.com/t_or_fh_m/f_auto/v1/cr/32/51/27/25/32512725_bc8fcda|https://photos.encuentra24.com/t_or_fh_m/f_auto/v1/cr/32/51/28/62/32512862_421d161|https://photos.encuentra24.com/t_or_fh_m/f_auto/v1/cr/32/48/55/95/32485595_8e97885|https://photos.encuentra24.com/t_or_fh_m/f_auto/v1/cr/32/52/25/96/32522596_7663cc0cf18b81ff1577101f90c878ee-817a524|https://photos.encuentra24.com/t_or_fh_m/f_auto/v1/cr/32/52/62/98/32526298_cb230b5eb7a7b789b4715f1bc4d8f690-060fb37|https://photos.encuentra24.com/t_or_fh_m/f_auto/v1/cr/32/34/16/84/32341684_3f38acd26844f737c400f92d8668b367-172eab6","HERMOSA CASA CON LÍNEA BLANCA","Espectacular casa con en Santa Ana con línea blanca <br /> Alquiler $1400 mensuales <br /> Hermosos acabados y acogedora terraza <br /> <br /> Distribución: <br /> 2 plantas <br /> 2 habitaciones <br /> 2.5 baños <br /> 2 parqueos <br /> Cocina moderna con línea blanca <br /> Área de lavandería <br /> Aire acondicionado <br /> Habitación principal con Walking Closeth <br /> Terraza <br /> <br /> Amenidades del condominio: <br /> Piscina <br /> Casa club <br /> Gimnasio <br /> Áreas infantiles <br /> Parque para mascotas <br /> Espacio de co–working <br /> Senderos naturales <br /> Seguridad 24/7 <br /> <br /> Excelente ubicación. <br /> Agende su visita!","","","","","","rent","active","USD","https://www.encuentra24.com/costa-rica-es/bienes-raices-alquiler-casas/hermosa-casa-con-linea-blanca/32491252"
"San José","Santa Ana","Piedades","Condo","","","Gated Community","","","","","1400","","https://photos.encuentra24.com/t_or_fh_m/f_auto/v1/cr/32/53/64/25/32536425_761dca1d56f3e77df1afdca10698ebfa-c6e5812|https://photos.encuentra24.com/t_or_fh_m/f_auto/v1/cr/32/52/81/93/32528193_12c48be58a8c0d7fb8b2f2d6125c6168-0df7974|https://photos.encuentra24.com/t_or_fh_m/f_auto/v1/cr/31/67/35/95/31673595_beaccc|https://photos.encuentra24.com/t_or_fh_m/f_auto/v1/cr/31/72/28/69/31722869_7a305e|https://photos.encuentra24.com/t_or_fh_m/f_auto/v1/cr/32/49/12/52/32491252_edc0ee2|https://photos.encuentra24.com/t_or_fh_m/f_auto/v1/cr/32/19/43/32/32194332_39b06a6a1d8f47dad43cd4ebce6e4f53-1774bff|https://photos.encuentra24.com/t_or_fh_m/f_auto/v1/cr/32/51/28/62/32512862_421d161|https://photos.encuentra24.com/t_or_fh_m/f_auto/v1/cr/32/48/55/95/32485595_8e97885|https://photos.encuentra24.com/t_or_fh_m/f_auto/v1/cr/32/52/25/96/32522596_7663cc0cf18b81ff1577101f90c878ee-817a524|https://photos.encuentra24.com/t_or_fh_m/f_auto/v1/cr/32/52/62/98/32526298_cb230b5eb7a7b789b4715f1bc4d8f690-060fb37|https://photos.encuentra24.com/t_or_fh_m/f_auto/v1/cr/32/34/16/84/32341684_3f38acd26844f737c400f92d8668b367-172eab6","ALQUILER CON LINEA BLANCA - SANTA ANA","Espectacular casa con en Santa Ana con línea blanca <br /> Alquiler $1400 mensuales <br /> Hermosos acabados y acogedora terraza <br /> <br /> Distribución: <br /> 2 plantas <br /> 2 habitaciones <br /> 2.5 baños <br /> 2 parqueos <br /> Cocina moderna con línea blanca <br /> Área de lavandería <br /> Aire acondicionado <br /> Habitación principal con Walking Closeth <br /> Terraza <br /> <br /> Amenidades del condominio: <br /> Piscina <br /> Casa club <br /> Gimnasio <br /> Áreas infantiles <br /> Parque para mascotas <br /> Espacio de co–working <br /> Senderos naturales <br /> Seguridad 24/7 <br /> <br /> Excelente ubicación. <br /> Agende su visita!","","","","","","rent","active","USD","https://www.encuentra24.com/costa-rica-es/bienes-raices-alquiler-apartamentos-amueblados/alquiler-con-linea-blanca-santa-ana/32512725"
"Heredia","Belén","San Antonio","Commercial Property","","","","","","","","15278","","https://photos.encuentra24.com/t_or_fh_m/f_auto/v1/cr/30/81/96/82/30819682_fd800b8|https://photos.encuentra24.com/t_or_fh_m/f_auto/v1/cr/30/84/04/99/30840499_a77130|https://photos.encuentra24.com/t_or_fh_m/f_auto/v1/cr/30/87/10/16/30871016_58aa4a|https://photos.encuentra24.com/t_or_fh_m/f_auto/v1/cr/28/40/95/43/28409543_1a71755|https://photos.encuentra24.com/t_or_fh_m/f_auto/v1/cr/30/90/58/98/30905898_c796b33|https://photos.encuentra24.com/t_or_fh_m/f_auto/v1/cr/30/90/70/70/30907070_7a85d3|https://photos.encuentra24.com/t_or_fh_m/f_auto/v1/cr/25/57/03/17/25570317_96a6c8","Alquiler de Oficina II Tributo","TRIBUTO CORPORATE CENTER <br /> <br /> Se ubica sobre la Radial Santa Ana - San Rafael - Belén. <br /> <br /> La propiedad está conformada por dos edificios: <br /> <br /> TRIBUTO A: tres niveles <br /> TRIBUTO B: cuatro niveles. <br /> <br /> Ambos edificios, cuentan con un diseño contemporáneo, y apto para albergar empresas dedicadas al desarrollo de la creatividad, innovación, talento y tecnología de punta.","","","","","","rent","active","USD","https://www.encuentra24.com/costa-rica-es/bienes-raices-alquiler-alquiler-de-oficinas/alquiler-de-oficina-ii-tributo/28394744"
"San José","Escazú","Escazú","Commercial Property","","","","","","","","9800","","https://photos.encuentra24.com/t_or_fh_m/f_auto/v1/cr/28/39/47/44/28394744_2cbc04|https://photos.encuentra24.com/t_or_fh_m/f_auto/v1/cr/30/84/04/99/30840499_a77130|https://photos.encuentra24.com/t_or_fh_m/f_auto/v1/cr/30/87/10/16/30871016_58aa4a|https://photos.encuentra24.com/t_or_fh_m/f_auto/v1/cr/28/40/95/43/28409543_1a71755|https://photos.encuentra24.com/t_or_fh_m/f_auto/v1/cr/30/90/58/98/30905898_c796b33|https://photos.encuentra24.com/t_or_fh_m/f_auto/v1/cr/30/90/70/70/30907070_7a85d3|https://photos.encuentra24.com/t_or_fh_m/f_auto/v1/cr/25/57/03/17/25570317_96a6c8","Alquiler de Oficina II Presente","Oficinas con diseño flexible y adaptable a las necesidades específicas de cada organización, concebidas bajo el innovador concepto de ""Office as a Service"" (OaaS). Este modelo de gestión de espacios de trabajo permite a las empresas contar con oficinas completamente personalizadas, que pueden ajustarse en tamaño, distribución y funcionalidad según sus requerimientos operativos y cambios en el tiempo. Estas oficinas no solo ofrecen un entorno moderno y eficiente, sino que también incluyen servicios integrales como mantenimiento, limpieza, conectividad, soporte técnico y atención al cliente, lo que permite a las organizaciones enfocarse en su core business sin preocuparse por la administración del espacio físico. Gracias a esta solución todo-en-uno, las empresas pueden acceder a oficinas de alta calidad con mayor flexibilidad, escalabilidad y eficiencia de costos.","","","","","","rent","active","USD","https://www.encuentra24.com/costa-rica-es/bienes-raices-alquiler-alquiler-de-oficinas/alquiler-de-oficina-ii-presente/30819682"
"San José","Goicoechea","Calle Blancos","Commercial Property","","","Urban","","","","","44009","","https://photos.encuentra24.com/t_or_fh_m/f_auto/v1/cr/28/39/47/44/28394744_2cbc04|https://photos.encuentra24.com/t_or_fh_m/f_auto/v1/cr/30/81/96/82/30819682_fd800b8|https://photos.encuentra24.com/t_or_fh_m/f_auto/v1/cr/30/87/10/16/30871016_58aa4a|https://photos.encuentra24.com/t_or_fh_m/f_auto/v1/cr/28/40/95/43/28409543_1a71755|https://photos.encuentra24.com/t_or_fh_m/f_auto/v1/cr/30/90/58/98/30905898_c796b33|https://photos.encuentra24.com/t_or_fh_m/f_auto/v1/cr/30/90/70/70/30907070_7a85d3|https://photos.encuentra24.com/t_or_fh_m/f_auto/v1/cr/25/57/03/17/25570317_96a6c8","Alquiler de Oficina II El Tobogán","En el Centro Corporativo Tobogán, entendemos que el entorno laboral tiene un impacto directo en el bienestar y la productividad de los colaboradores. Por ello, hemos diseñado nuestras oficinas para que no solo sean un espacio de trabajo, sino una experiencia integral que estimule los sentidos y fomente un ambiente de concentración y creatividad. Cada elemento dentro de nuestras instalaciones está cuidadosamente seleccionado para promover la armonía entre confort y eficiencia, creando un entorno dinámico que inspira a los equipos a alcanzar su máximo potencial. Desde la distribución de los espacios, pasando por la iluminación natural y el uso de materiales de alta calidad, hasta las zonas comunes pensadas para el descanso y la interacción, todo está orientado a mejorar la calidad de vida de quienes eligen el Centro Corporativo Tobogán como su lugar de trabajo. Aquí, la productividad no solo es un objetivo, sino un resultado natural de un entorno que favorece el equilibrio, la innovación y el bienestar integral de cada individuo.","","","","","","rent","active","USD","https://www.encuentra24.com/costa-rica-es/bienes-raices-alquiler-alquiler-de-oficinas/alquiler-de-oficina-ii-el-tobogan/30840499"
"San José","San José","Rohrmoser","Condo","","","","","","","","2250","","https://photos.encuentra24.com/t_or_fh_m/f_auto/v1/cr/31/54/59/02/31545902_999c62|https://photos.encuentra24.com/t_or_fh_m/f_auto/v1/cr/32/53/65/21/32536521_03014cd2fed3a2d99cbc467d6b277f9b-a688c41|https://photos.encuentra24.com/t_or_fh_m/f_auto/v1/cr/32/47/29/01/32472901_b3625a|https://photos.encuentra24.com/t_or_fh_m/f_auto/v1/cr/32/37/86/41/32378641_bbfb2dd|https://photos.encuentra24.com/t_or_fh_m/f_auto/v1/cr/32/10/97/61/32109761_f657b3f|https://photos.encuentra24.com/t_or_fh_m/f_auto/v1/cr/32/28/17/10/32281710_3ac9827|https://photos.encuentra24.com/t_or_fh_m/f_auto/v1/cr/32/50/30/30/32503030_07e6c44|https://photos.encuentra24.com/t_or_fh_m/f_auto/v1/cr/32/28/51/81/32285181_cf0786883d6f5ace0141a80ca54bced3-8147f32|https://photos.encuentra24.com/t_or_fh_m/f_auto/v1/cr/32/29/68/91/32296891_a6cbe2a35c4d71ef599db632d9852f54-269a204|https://photos.encuentra24.com/t_or_fh_m/f_auto/v1/cr/32/38/89/60/32388960_070403d|https://photos.encuentra24.com/t_or_fh_m/f_auto/v1/cr/32/29/69/52/32296952_ac23568d4afa844258cb5e2a48bdc47c-9d4e5be|https://photos.encuentra24.com/t_or_fh_m/f_auto/v1/cr/32/38/90/60/32389060_83fe64d","Alquiler de apartamento en Alterego","Cuenta con 98m2 habitables. <br /> Ubicación en el piso 10 con bellas vistas, distribuido de la siguiente manera: <br /> <br /> 2 habitaciones, principal con Balcón y Walk-in-closet <br /> Baños: 2 <br /> Sala, con balcón <br /> Comedor <br /> Cocina <br /> Área de lavado <br /> <br /> Incluye Amenidades como: <br /> <br /> Piscina <br /> Jacuzzi <br /> Spa <br /> Gimnasio <br /> Lounge <br /> <br /> Apartamento incluye extras como: <br /> <br /> ventiladores eléctricos <br /> Pet Friendly <br /> Precio de oportunidad <br /> <br /> $2250 <br /> Se valoran ofertas <br /> <br /> Agende su cita hoy mismo","","","","","","rent","active","USD","https://www.encuentra24.com/costa-rica-es/bienes-raices-alquiler-apartamentos/alquiler-de-apartamento-en-alterego/32529606"
"Guanacaste","Santa Cruz","Cartagena","Land","","","Riverfront","","","","","150000","","https://photos.encuentra24.com/t_or_fh_m/f_auto/v1/cr/31/98/03/67/31980367_11e4938|https://photos.encuentra24.com/t_or_fh_m/f_auto/v1/cr/32/29/19/77/32291977_9ed28ca937acefe8c086d04552433d61-6fd2f6a|https://photos.encuentra24.com/t_or_fh_m/f_auto/v1/cr/32/47/36/96/32473696_a92c05a|https://photos.encuentra24.com/t_or_fh_m/f_auto/v1/cr/31/32/66/30/31326630_0ef31b|https://photos.encuentra24.com/t_or_fh_m/f_auto/v1/cr/32/49/05/95/32490595_ae13c6f6d68f5a746ea507e28ea40ebc-9b35a6a|https://photos.encuentra24.com/t_or_fh_m/f_auto/v1/cr/32/10/89/07/32108907_94e9cbd5a0d45f7ee30a630bfaf4b43d-eab963a|https://photos.encuentra24.com/t_or_fh_m/f_auto/v1/cr/31/95/61/92/31956192_76b958bf35d0cb59cf8a28fe9dfe53bd-2688bd3","Alquiler de Vallas Publicitarias de Alta Visibilidad, Cartagena- Huacas, Guanacaste","Impulse la visibilidad de su marca con espacios publicitarios estratégicamente ubicados y diseñados para captar la atención de cientos de personas cada día. <br /> <br /> * Tamaño de la valla publicitaria: 3.90 m x 3.70 m <br /> * Precio especial de introducción: <br /> • Contrato por 6 meses: 150.000 mensuales <br /> <br /> ***UBICACIÓN PRIVILEGIADA DENTRO DE PROPIEDAD PRIVADA*** <br /> Esto le brinda mayor seguridad para su inversión publicitaria, acceso controlado, excelente conservación de la valla y estabilidad durante todo el período del contrato.","","","","","","rent","active","CRC","https://www.encuentra24.com/costa-rica-es/bienes-raices-alquiler-lotes-y-terrenos/alquiler-de-vallas-publicitarias-de-alta-visibilidad-cartagena-huacas-guanacaste/32177626"
"San José","Santa Ana","Lindora","Condo","","","Gated Community","","","","","4200","","https://photos.encuentra24.com/t_or_fh_m/f_auto/v1/cr/32/54/80/91/32548091_240e4ba16d88a6aa9188f8870ceadfc0-3f2495c|https://photos.encuentra24.com/t_or_fh_m/f_auto/v1/cr/32/15/14/41/32151441_23ad7eb2d0bb4990eb419a5d738f3c2c-8e3f5b1|https://photos.encuentra24.com/t_or_fh_m/f_auto/v1/cr/31/15/13/81/31151381_ca5eda|https://photos.encuentra24.com/t_or_fh_m/f_auto/v1/cr/30/60/80/11/30608011_f5d1d4|https://photos.encuentra24.com/t_or_fh_m/f_auto/v1/cr/32/22/97/90/32229790_cc0605b|https://photos.encuentra24.com/t_or_fh_m/f_auto/v1/cr/31/54/46/90/31544690_484958|https://photos.encuentra24.com/t_or_fh_m/f_auto/v1/cr/32/54/81/39/32548139_158f157bc9a11f06d939c842c4863998-0061930|https://photos.encuentra24.com/t_or_fh_m/f_auto/v1/cr/32/19/85/07/32198507_297b335|https://photos.encuentra24.com/t_or_fh_m/f_auto/v1/cr/32/51/28/21/32512821_f9657f5082234ddb67c0ca404ec9b514-7ea0071|https://photos.encuentra24.com/t_or_fh_m/f_auto/v1/cr/31/51/90/59/31519059_f61582|https://photos.encuentra24.com/t_or_fh_m/f_auto/v1/cr/32/46/07/50/32460750_6d57b0584bfb4c81fdec17932057cade-4bf2db9|https://photos.encuentra24.com/t_or_fh_m/f_auto/v1/cr/31/95/09/64/31950964_c270ceee598b3862387a17895e05d5df-73ec10d|https://photos.encuentra24.com/t_or_fh_m/f_auto/v1/cr/31/25/49/20/31254920_afd144|https://photos.encuentra24.com/t_or_fh_m/f_auto/v1/cr/31/87/42/14/31874214_c728c6","ALQUILER/VENTA DE CASA EN CONDOMINIO KUORA, LINDORA","ALQUILER/VENTA DE CASA EN CONDOMINIO KUORA, LINDORA <br /> <br /> Moderna y amplia casa de tres niveles ubicada en el exclusivo Condominio Kuora en Lindora. La propiedad cuenta con diseño contemporáneo, amplios espacios, excelente iluminación natural y acabados modernos, ideal para familias que buscan confort, privacidad y una ubicación estratégica en una de las zonas más exclusivas del oeste. <br /> <br /> Descripción de la propiedad <br /> <br /> Área de terreno: 254 m² <br /> Área de construcción: 370 m² <br /> Año de construcción: 2017 <br /> <br /> Distribución <br /> <br /> Primer nivel <br /> • Medio baño de visitas <br /> • Sala de TV integrada con cocina <br /> • Terraza techada <br /> • Jacuzzi para 6 personas <br /> • Jardín <br /> • Cuarto de servicio con baño completo <br /> • Alacena <br /> • Área de lavado <br /> <br /> Segundo nivel <br /> • Habitación principal con balcón y deck <br /> • Walk-in closet <br /> • Baño completo <br /> • Dos habitaciones secundarias con clóset <br /> • Una habitación secundaria con baño privado <br /> • Baño completo adicional <br /> <br /> Tercer nivel <br /> • Oficina o habitación flex <br /> • Habitación amplia con clóset <br /> • Baño completo <br /> • Área BBQ techada <br /> • Terraza techada <br /> <br /> Características adicionales <br /> • Jacuzzi instalado en 2020 <br /> • Electrodomésticos empotrados incluidos <br /> • Aire acondicionado y ventilador en todas las habitaciones <br /> • Estacionamiento para 3 vehículos <br /> • Cargador para automóvil eléctrico <br /> • Excelente iluminación y ventilación natural <br /> • Seguridad 24/7 <br /> <br /> Resumen <br /> • 5 habitaciones incluyendo habitación de servicio <br /> • 1 oficina o habitación flex <br /> • 5.5 baños <br /> • Parqueo para 3 vehículos <br /> <br /> Se alquila: $4,200 <br /> Se vende: $630,000 <br /> Cuota condominal: 225,490 <br /> <br /> ID: 9981036 <br /> <br /> Para más información contáctenos .","","","","","","rent","active","USD","https://www.encuentra24.com/costa-rica-es/bienes-raices-alquiler-casas/alquiler-venta-de-casa-en-condominio-kuora-lindora/32410026"
"San José","San José","Rohrmoser","Condo","","","Urban","","","","","1300","","https://photos.encuentra24.com/t_or_fh_m/f_auto/v1/cr/32/53/92/89/32539289_8413b09774f1ea175d348574e274a298-588e751|https://photos.encuentra24.com/t_or_fh_m/f_auto/v1/cr/32/50/63/99/32506399_701315549d0b863dbad4e657d1cb9cca-2491eb6|https://photos.encuentra24.com/t_or_fh_m/f_auto/v1/cr/32/22/72/79/32227279_990b5eb1cf144e1d7e6297cb032154f6-2fdd5a1|https://photos.encuentra24.com/t_or_fh_m/f_auto/v1/cr/32/46/15/69/32461569_b78843f9cb15136281b9df80bad887dc-5112e75|https://photos.encuentra24.com/t_or_fh_m/f_auto/v1/cr/31/84/47/99/31844799_51f1a6|https://photos.encuentra24.com/t_or_fh_m/f_auto/v1/cr/32/35/17/59/32351759_d31be3e7b32704053459ed2cab6d0112-cddf5b0|https://photos.encuentra24.com/t_or_fh_m/f_auto/v1/cr/32/22/42/99/32224299_982e3c9|https://photos.encuentra24.com/t_or_fh_m/f_auto/v1/cr/32/43/18/00/32431800_87305a217b32edcf83abe081f8f3bf89-4ba444a|https://photos.encuentra24.com/t_or_fh_m/f_auto/v1/cr/31/20/65/26/31206526_eb4c5a7|https://photos.encuentra24.com/t_or_fh_m/f_auto/v1/cr/25/56/38/27/25563827_c7c7cb7|https://photos.encuentra24.com/t_or_fh_m/f_auto/v1/cr/32/17/48/89/32174889_6221588|https://photos.encuentra24.com/t_or_fh_m/f_auto/v1/cr/31/71/63/74/31716374_2aa6977|https://photos.encuentra24.com/t_or_fh_m/f_auto/v1/cr/30/43/24/23/30432423_d44c6e|https://photos.encuentra24.com/t_or_fh_m/f_auto/v1/cr/31/38/66/78/31386678_7130b1f","Apartamento de 1 habitación para alquiler en Rohrmoser.","Apartamento de 1 habitación en SoHo Paradisus, Rohrmoser. <br /> <br /> 1 baño completo. <br /> Plantilla cocina, horno y microondas. <br /> Refri y centro de lavado. <br /> A/C en hab principal. <br /> <br /> Cama Queen, cortinas blackout, cocina equipada. <br /> <br /> Cuenta con 1 parqueo techado. <br /> <br /> Piscina, gimnasio, spa, área de co-working, parque de perros, parque de niños, restaurante, senderos para caminar hacia el rio. <br /> <br /> Ubicación excelente, cerca de muchas zonas de la ciudad. <br /> <br /> Precio alquiler: $1300 USD. Precio incluye condominio.","","","","","","rent","active","USD","https://www.encuentra24.com/costa-rica-es/bienes-raices-alquiler-apartamentos/apartamento-de-1-habitacion-para-alquiler-en-rohrmoser/31716367"
"San José","Mora","Colón","House","","Water|Internet","Mountain","","","","","1450","","https://photos.encuentra24.com/t_or_fh_m/f_auto/v1/cr/32/33/38/31/32333831_a13396d03b65bb70441837d55e6d4d81-4cdbff8|https://photos.encuentra24.com/t_or_fh_m/f_auto/v1/cr/32/31/87/11/32318711_06e5856f58ca63ccff3ca116469ea2b0-34208fb|https://photos.encuentra24.com/t_or_fh_m/f_auto/v1/cr/31/63/04/30/31630430_c9895f3|https://photos.encuentra24.com/t_or_fh_m/f_auto/v1/cr/32/50/67/30/32506730_713df6|https://photos.encuentra24.com/t_or_fh_m/f_auto/v1/cr/32/33/38/60/32333860_d430792b56d2e2c8c9f1a001abf72701-7b089ee|https://photos.encuentra24.com/t_or_fh_m/f_auto/v1/cr/32/31/89/79/32318979_8762dfa33aa83ce6a2ddcfcb1c39030e-49e9a1f|https://photos.encuentra24.com/t_or_fh_m/f_auto/v1/cr/32/41/22/67/32412267_29251bf","Alquiler de casa tipo quinta en residencial de montaña cerca de Ciudad Colón","Se alquila linda casa tipo quinta ubicada en un residencial de montaña, a solo 3 km del centro de Ciudad Colón. Ideal para quienes buscan vivir en un ambiente tranquilo, seguro y rodeado de naturaleza, con aire puro, vistas panorámicas, jardines y árboles frutales. <br /> <br /> La propiedad cuenta con portón eléctrico, 2 habitaciones con clóset, 2 baños, sala-comedor con chimenea, terraza con parrilla, cochera y área de lavado. <br /> <br /> Precio de alquiler: $1,500 mensuales, sin muebles. <br /> Incluye cuota residencial, agua, internet y mantenimiento de zonas verdes. <br /> <br /> Una excelente opción para disfrutar de privacidad, comodidad y contacto con la naturaleza sin alejarse del centro. <br /> <br /> Disponible a partir del mes de julio","","","","","","rent","active","USD","https://www.encuentra24.com/costa-rica-es/bienes-raices-alquiler-casas/alquiler-de-casa-tipo-quinta-en-residencial-de-montana-cerca-de-ciudad-colon/32491222"
"Guanacaste","Santa Cruz","Tamarindo","Condo","","Internet","Beachfront","2WD Accessible","","","","2300","","https://photos.encuentra24.com/t_or_fh_m/f_auto/v1/cr/32/46/98/36/32469836_0a0379|https://photos.encuentra24.com/t_or_fh_m/f_auto/v1/cr/32/23/79/82/32237982_ee47356|https://photos.encuentra24.com/t_or_fh_m/f_auto/v1/cr/32/24/62/91/32246291_bff50b8|https://photos.encuentra24.com/t_or_fh_m/f_auto/v1/cr/31/73/79/06/31737906_6c98814|https://photos.encuentra24.com/t_or_fh_m/f_auto/v1/cr/32/39/04/94/32390494_477a712|https://photos.encuentra24.com/t_or_fh_m/f_auto/v1/cr/32/37/81/46/32378146_221fe2f|https://photos.encuentra24.com/t_or_fh_m/f_auto/v1/cr/30/63/35/58/30633558_16aa36d|https://photos.encuentra24.com/t_or_fh_m/f_auto/v1/cr/29/35/23/53/29352353_c6ca71","Alquiler Apartamento Amueblado en Condominio, Tamarindo-Guanacaste","Alquiler Apartamento Amueblado en Condominio - Tamarindo - Guanacaste <br /> <br /> Ubicado en una de las zonas más exclusivas y de alta demanda en Guanacaste, este apartamento en alquiler en Tamarindo ofrece una excelente combinación de confort, ubicación y valor. Ideal para quienes buscan vivir cerca del mar en un entorno seguro y con amenidades. <br /> <br /> Condominio en Tamarindo, Guanacaste <br /> Precio de alquiler: $2,300 USD <br /> <br /> Características del apartamento: <br /> 2 habitaciones + sofá cama <br /> 2 espacios de parqueo <br /> 90 m² de construcción <br /> Ubicado en piso 3 <br /> 4 aires acondicionados <br /> Bodega <br /> Totalmente amueblado <br /> Se permite 1 mascota pequeña <br /> <br /> Incluye: <br /> Cuota de mantenimiento <br /> Internet <br /> <br /> Amenidades del condominio: <br /> Piscina <br /> Áreas comunes <br /> Seguridad y entorno tranquilo <br /> <br /> Ubicación y alrededores: <br /> A pocos minutos de Playa Tamarindo <br /> Cercano a supermercados, restaurantes y comercios <br /> Fácil acceso a centros turísticos, bancos y servicios <br /> Zona de alta plusvalía y demanda residencial <br /> <br /> Valor agregado: <br /> Excelente opción para renta. <br /> Ubicación estratégica cerca del mar <br /> Ventaja competitiva por contar con 2 parqueos <br /> <br /> Este apartamento representa una oportunidad única en Tamarindo, tanto por su ubicación como por sus características dentro del condominio. <br /> <br /> Contáctanos para más información o coordinar una visita","","","","","","rent","active","USD","https://www.encuentra24.com/costa-rica-es/bienes-raices-alquiler-apartamentos/alquiler-apartamento-amueblado-en-condominio-tamarindo-guanacaste/31719290"
"San José","Escazú","Escazú","Condo","","","Mountain","","Steep Slope","","","6000","","https://photos.encuentra24.com/t_or_fh_m/f_auto/v1/cr/32/37/13/51/32371351_21f8c9ca3b8eb00271be5d2b06172bae-6ad1ba3|https://photos.encuentra24.com/t_or_fh_m/f_auto/v1/cr/31/34/58/98/31345898_8c651d|https://photos.encuentra24.com/t_or_fh_m/f_auto/v1/cr/32/19/90/05/32199005_47bdd5f|https://photos.encuentra24.com/t_or_fh_m/f_auto/v1/cr/31/52/47/02/31524702_a5ebd5|https://photos.encuentra24.com/t_or_fh_m/f_auto/v1/cr/32/48/87/64/32488764_fff4198|https://photos.encuentra24.com/t_or_fh_m/f_auto/v1/cr/32/53/30/44/32533044_5d25d6f|https://photos.encuentra24.com/t_or_fh_m/f_auto/v1/cr/32/10/85/50/32108550_f65458d|https://photos.encuentra24.com/t_or_fh_m/f_auto/v1/cr/32/11/27/53/32112753_3ab5cae","APTO ELEGANTE Y FINO AMOBLADO EN TORRE RODEADO DE VEGETACION PISO ALTO ESCAZU JABONCILLOS","En una torre muy elegante con finos acabados del area de Escazú a un minuto del area del centro comercial de la paco, les ofrezco este espectacular apto de 360m2 en una torre de pocos pisos con una vista panorámica espectacular del san José y sus montañas, con una ubicación privilegiada, a solo 2 minutos literal de todo el comercio de Escazú, supermercados , restaurantes , hospitales , tiendas, centro comerciales y demás. <br /> <br /> Un apto con grandes ventanales amplios en todas sus areas, con varias salas y comedor independiente como su cocina, acabados con gusto y finos bellas maderas. El elevador llega directo al apto. <br /> <br /> 3 habitaciones <br /> 3.5baños <br /> 3 parqueos <br /> cuarto de servicio <br /> Lamparas <br /> Area de bar y cava <br /> cortinas <br /> Linea blanca empotrada y de lujo <br /> aire condicionado central <br /> terraza <br /> <br /> Areas sociales como piscina, area de BBQ, grandes jardines, gym <br /> CUOTA DE MANTENIMIENTO INCLUIDA","","","","","","rent","active","USD","https://www.encuentra24.com/costa-rica-es/bienes-raices-alquiler-apartamentos-amueblados/apto-elegante-y-fino-amoblado-en-torre-rodeado-de-vegetacion-piso-alto-escazu-jaboncillos/31023485"
"Heredia","Belén","San Antonio","Condo","","Water|Internet|Cable","Riverfront","","","","","1200","","https://photos.encuentra24.com/t_or_fh_m/f_auto/v1/cr/32/47/16/64/32471664_dd02704","ALQUILER DE APARTAMENTO TOTALMENTE AMUEBLADO - VILLAS DE CARIARI","Detrás del Hotel Double Tree Cariari Hilton. Ubicado en Villas de Cariari, con seguridad las 24 horas . <br /> Muy cerca de todo, Aeropuerto, San José, Heredia, Alajuela, etc. <br /> Consta de 1 dormitorio, 1 baño, cocina, con lavadora, secadora, refrigerador, cocina , hornito, licuadora, etc. <br /> Sala , comedor, escritorio . <br /> Un departamento muy lindo y cómodo. <br /> Parqueo. <br /> Precio por mes US$ 1.200 dólares, <br /> Depósito de garantía en efectivo, <br /> US$ 1.200 dólares. <br /> Contratos por un año. <br /> Está ubicado en primera planta, 5-3. <br /> Incluido en el precio: Mantenimiento, Internet, cable TV, agua, y un plus, que consiste en: Una vez a la semana, limpieza profunda , con lavado de sábanas y toallas. <br /> Tiene zonas verdes muy bonitas . <br /> NO SE ACEPTAN MASCOTAS .","","","","","","rent","active","USD","https://www.encuentra24.com/costa-rica-es/bienes-raices-alquiler-apartamentos-amueblados/alquiler-de-apartamento-totalmente-amueblado-villas-de-cariari/32494657"
"San José","Santa Ana","Pozos","Condo","","","Urban","2WD Accessible","","","","1700","","https://photos.encuentra24.com/t_or_fh_m/f_auto/v1/cr/32/49/70/36/32497036_cd148069707adfcf66a2cd31c5d829d5-149e6f1|https://photos.encuentra24.com/t_or_fh_m/f_auto/v1/cr/32/32/23/96/32322396_f6a13de78be8b4204582571dacc30602-58d21d7|https://photos.encuentra24.com/t_or_fh_m/f_auto/v1/cr/32/10/85/16/32108516_ded3086f5687377ea9c0f7473e9acd38-ce4289c|https://photos.encuentra24.com/t_or_fh_m/f_auto/v1/cr/32/07/45/45/32074545_be5ef25d9ee13ec3fc9cc90114646881-5b0a1f9|https://photos.encuentra24.com/t_or_fh_m/f_auto/v1/cr/31/89/76/12/31897612_7c1fdad|https://photos.encuentra24.com/t_or_fh_m/f_auto/v1/cr/32/26/57/81/32265781_d43b5d137698be16c09d1c32f867c511-11c8d91|https://photos.encuentra24.com/t_or_fh_m/f_auto/v1/cr/29/28/24/60/29282460_4646b8|https://photos.encuentra24.com/t_or_fh_m/f_auto/v1/cr/32/12/16/47/32121647_ef89e3f3039138a0fab11fe2f032be93-5372a74","Alquiler amueblado de 2 Habitaciones en Condominio Studi-One – Santa Ana","Moderno apartamento ubicado en el exclusivo Condominio Studi-One en Santa Ana, una zona estratégica con fácil acceso a comercios, restaurantes, supermercados y principales vías. <br /> <br /> El apartamento cuenta con un diseño contemporáneo y espacios bien aprovechados que brindan comodidad y funcionalidad. <br /> <br /> Características del apartamento: <br /> <br /> * 2 habitaciones <br /> * 2 baños completos <br /> * Sala y comedor integrados <br /> * Cocina moderna con sobres de cuarzo y muebles de excelente calidad <br /> * Área de lavandería <br /> * Jardín y vista <br /> * 2 parqueos <br /> * Bodega <br /> <br /> El condominio ofrece amenidades ideales para disfrutar de un estilo de vida cómodo y moderno, tales como: <br /> <br /> * Piscina <br /> * Gimnasio <br /> * Área social / lounge <br /> * Seguridad 24/7 <br /> * Parqueo para visitas <br /> <br /> Ubicado en una de las zonas con mayor plusvalía de Santa Ana, cerca de supermercados, restaurantes, centros corporativos y con rápido acceso a la Ruta 27. <br /> <br /> ¡Ideal para vivir!","","","","","","rent","active","USD","https://www.encuentra24.com/costa-rica-es/bienes-raices-alquiler-apartamentos/alquiler-amueblado-de-2-habitaciones-en-condominio-studi-one-santa-ana/32109336"
"San José","Santa Ana","Piedades","House","","Electricity|Water","Riverfront","","","","","4200","","https://photos.encuentra24.com/t_or_fh_m/f_auto/v1/cr/32/28/55/00/32285500_55c07f4|https://photos.encuentra24.com/t_or_fh_m/f_auto/v1/cr/32/41/14/78/32411478_5818ae6e52053f3492e8a5190ce72234-299810d|https://photos.encuentra24.com/t_or_fh_m/f_auto/v1/cr/32/33/29/07/32332907_dfc72e592d61324c2a85031c79c967eb-214df29|https://photos.encuentra24.com/t_or_fh_m/f_auto/v1/cr/32/04/36/37/32043637_16927b2|https://photos.encuentra24.com/t_or_fh_m/f_auto/v1/cr/31/87/42/14/31874214_c728c6|https://photos.encuentra24.com/t_or_fh_m/f_auto/v1/cr/32/54/56/53/32545653_045757e|https://photos.encuentra24.com/t_or_fh_m/f_auto/v1/cr/32/37/83/93/32378393_2e215ab5bbc0687b1e886027199b18c5-3701c79|https://photos.encuentra24.com/t_or_fh_m/f_auto/v1/cr/32/27/45/92/32274592_c1fb5be","CASA DE LUJO-LUXURY HOME IN SANTA ANA","Espaciosa casa de 4 dormitorios, de un solo nivel, con un lote muy grande en una pequeña comunidad cerrada en Santa Ana. <br /> <br /> Una propiedad difícil de conseguir, con techos altos, mucha luz natural y amplio espacio de almacenamiento. El lote cuenta con suficiente espacio para que los niños jueguen y la familia disfrute al aire libre. <br /> <br /> Incluye línea blanca. <br /> <br /> 450 m² de construcción y 1,875 m² de terreno. <br /> 4 dormitorios con aire acondicionado. <br /> 2.5 baños. <br /> Espaciosa suite principal con amplio vestidor, doble lavatorio y walk-in closet. <br /> Cuarto de servicio con baño completo. <br /> Parqueo bajo techo para 2 carros y espacio adicional para 3 más. <br /> Cocina contemporánea con antecomedor y despensa, abierta a la sala de televisión. <br /> Comedor y sala formal. <br /> Dos terrazas con vista al patio trasero. <br /> Mezanine utilizado como oficina. <br /> Terraza techada con jacuzzi para 6 personas. <br /> Todas las habitaciones cuentan con aire acondicionado. <br /> 4 habitaciones + 1 habitación de servicio + 1 oficina o habitación adicional. <br /> Seguridad 24 horas. <br /> Parqueo bajo techo. <br /> Parqueo de visitas. <br /> Baño de visitas. <br /> Despensa. <br /> Cocina amoblada. <br /> Bodega. <br /> Microondas. <br /> Estufa. <br /> Lavaplatos. <br /> Dispensador de agua caliente instantáneo. <br /> Calentador de agua. <br /> Lavadora. <br /> Secadora. <br /> <br /> La propiedad combina comodidad, modernidad y un entorno seguro, ideal para familias que buscan amplitud, privacidad y una excelente ubicación en Santa Ana.","","","","","","rent","active","USD","https://www.encuentra24.com/costa-rica-es/bienes-raices-alquiler-casas/casa-de-lujo-luxury-home-in-santa-ana/32422312"
"San José","Escazú","San Rafael","Condo","","","Mountain","","","","","2650","","https://photos.encuentra24.com/t_or_fh_m/f_auto/v1/cr/31/31/22/79/31312279_445c07|https://photos.encuentra24.com/t_or_fh_m/f_auto/v1/cr/32/38/62/19/32386219_1d103235a720210bccaa1d955c34a640-9e5be98|https://photos.encuentra24.com/t_or_fh_m/f_auto/v1/cr/32/48/55/49/32485549_078d0aac18e596485aba7078c596457e-64c6397|https://photos.encuentra24.com/t_or_fh_m/f_auto/v1/cr/32/47/77/79/32477779_b958e2d|https://photos.encuentra24.com/t_or_fh_m/f_auto/v1/cr/32/38/14/49/32381449_a72b2e091d18ed5aac7ad8c8401809b9-5b28a7d|https://photos.encuentra24.com/t_or_fh_m/f_auto/v1/cr/32/33/89/69/32338969_3ee0aa23e4d6713d249a13e40353309e-9191c5f|https://photos.encuentra24.com/t_or_fh_m/f_auto/v1/cr/31/91/57/19/31915719_6c4a1d|https://photos.encuentra24.com/t_or_fh_m/f_auto/v1/cr/32/08/94/71/32089471_24f3150|https://photos.encuentra24.com/t_or_fh_m/f_auto/v1/cr/32/45/28/29/32452829_509932a|https://photos.encuentra24.com/t_or_fh_m/f_auto/v1/cr/30/86/60/29/30866029_0babf0|https://photos.encuentra24.com/t_or_fh_m/f_auto/v1/cr/32/29/91/38/32299138_48d7ce|https://photos.encuentra24.com/t_or_fh_m/f_auto/v1/cr/31/56/23/05/31562305_1606ae|https://photos.encuentra24.com/t_or_fh_m/f_auto/v1/cr/30/62/21/28/30622128_2ed1ea|https://photos.encuentra24.com/t_or_fh_m/f_auto/v1/cr/30/63/12/10/30631210_b976e1","Renta | Lujo & comodidad apartamento de 3 habitaciones cortijo laureles","Características principales: <br /> <br /> • Renta: $2,650. Incluye cuota de mantenimiento <br /> • Piso: 5.º <br /> • Dormitorios: 3 + Cuarto de servicio <br /> • Baños: 3.5 <br /> • Parqueos: 2 <br /> • Entrega: incluye línea blanca <br /> • Política: no se aceptan mascotas <br /> <br /> Viva la comodidad y el estilo en un apartamento luminoso y moderno, ideal para familias o profesionales que buscan tranquilidad sin alejarse de la ciudad. Desde el quinto piso podrá disfrutar de vistas a la ciudad y la montaña, en un proyecto con amenidades pensadas para su bienestar. <br /> <br /> Amenidades destacadas: <br /> Piscina, bar inglés, coworking, gimnasio , además cortijo cuenta con su propio centro comercial con cafetería y tiendas premium — todo para disfrutar sin salir del edificio. <br /> <br /> Ubicación: <br /> Laureles Cortijo, a pocos minutos de Multiplaza y de Avenida Escazú — excelente conectividad y acceso a servicios. <br /> ¿QUIERES VIVIR EN LA ZONA MAS EXCLISIVA? Contáctame y programamos un recorrido exclusivo","","","","","","rent","active","USD","https://www.encuentra24.com/costa-rica-es/bienes-raices-alquiler-apartamentos/renta-lujo-amp-comodidad-apartamento-de-3-habitaciones-cortijo-laureles/31417279"
"San José","Escazú","San Rafael","Condo","","","Gated Community","","","","","289900","","https://photos.encuentra24.com/t_or_fh_m/f_auto/v1/cr/32/53/05/21/32530521_5804679c886d8401b1b520a7242dc2c2-873ecee|https://photos.encuentra24.com/t_or_fh_m/f_auto/v1/cr/32/50/25/46/32502546_e21fd0e63a628f72785b630fc88effdb-3f1d68d|https://photos.encuentra24.com/t_or_fh_m/f_auto/v1/cr/32/47/50/51/32475051_da9f0fcffc9fe97908d6ce368ef35b0f-23e6772|https://photos.encuentra24.com/t_or_fh_m/f_auto/v1/cr/32/42/98/72/32429872_39eb0a70abb526d933adf18df8ccab90-01e4a90|https://photos.encuentra24.com/t_or_fh_m/f_auto/v1/cr/31/90/23/69/31902369_fe8b6b6|https://photos.encuentra24.com/t_or_fh_m/f_auto/v1/cr/32/51/06/39/32510639_8b85ee8afc3e3f0097691d56761695ec-1a1b35b|https://photos.encuentra24.com/t_or_fh_m/f_auto/v1/cr/32/53/61/25/32536125_093d1a343bc3c8fd3701d0abda79b8e0-ada10cd|https://photos.encuentra24.com/t_or_fh_m/f_auto/v1/cr/32/10/30/81/32103081_21543adc566415786e6023d5870c4856-4d63fef","INVERSION — APARTAMENTO EN VENTA EN ESCAZU 3 HABITACIONES","Condominio CAIA, Escazú — Apartamento de inversión <br /> <br /> Apartamento de lujo en venta, actualmente alquilado en $2,000 mensuales. <br /> <br /> Precio de venta: $289,900. <br /> <br /> Rentabilidad bruta aproximada: 8.28% anual. <br /> <br /> <br /> Características: <br /> <br /> 127 m² habitables <br /> 3 habitaciones amplias <br /> 2 baños completos <br /> 2 parqueos techados <br /> Completamente amueblado con mobiliario y acabados premium <br /> Se entrega sin necesidad de inversión adicional para mantener la operación actual <br /> <br /> El Condominio CAIA es un desarrollo consolidado en Escazú, con seguridad perimetral y amenidades de primer nivel. La zona concentra alta demanda de alquiler por parte de ejecutivos, profesionales y expatriados, lo que favorece tanto la estabilidad del ingreso como la valorización del inmueble a mediano y largo plazo. <br /> <br /> Apto para inversionistas locales o extranjeros. La propiedad genera ingresos desde el día de la compra. <br /> <br /> Contáctame y atendemos una visita. <br /> <br /> MLS: 26-2072","","","","","","rent","active","USD","https://www.encuentra24.com/costa-rica-es/bienes-raices-alquiler-apartamentos/inversion-apartamento-en-venta-en-escazu-3-habitaciones/32422931"